stage,id,label,horizon,schedule,gate,factor,weighting,fee_mult,requested_start,total_return,cagr,max_drawdown,sharpe,avg_exposure,trades,yearly
stress,m612_70_30_month_start_3_top2_majority_below_ma120_liq15_trend10_equal,6月70%+12月30%｜月初第3日 Top2｜2/3指数低于MA120空仓｜流动性15%+趋势质量10%｜equal,m612_70_30,month_start_3,majority_below_ma120,liq15_trend10,equal,1.0,2021-07-10,2.1242706345835454,0.2563948123722277,-0.1687513093353682,1.1063740969581104,0.3470602956185825,64,"{""2021"": 0.07730807136043816, ""2022"": 0.061367994249649005, ""2023"": 0.05712052477460694, ""2024"": 0.04439384984897421, ""2025"": 0.5533368973565773, ""2026"": 0.6183113183691522}"
stress,m612_70_30_month_start_3_top2_majority_below_ma120_liq15_trend10_equal,6月70%+12月30%｜月初第3日 Top2｜2/3指数低于MA120空仓｜流动性15%+趋势质量10%｜equal,m612_70_30,month_start_3,majority_below_ma120,liq15_trend10,equal,2.0,2021-07-10,2.036378392359483,0.24923218534731584,-0.16963900529345355,1.0814274405985327,0.3470752910929935,64,"{""2021"": 0.07506190195622753, ""2022"": 0.05691958542796649, ""2023"": 0.05268991796013056, ""2024"": 0.0367473913689258, ""2025"": 0.5435872106859567, ""2026"": 0.6112133497098189}"
stress,m612_70_30_month_start_3_top2_majority_below_ma120_liq15_trend10_equal,6月70%+12月30%｜月初第3日 Top2｜2/3指数低于MA120空仓｜流动性15%+趋势质量10%｜equal,m612_70_30,month_start_3,majority_below_ma120,liq15_trend10,equal,1.0,2022-01-04,1.900071685751111,0.2663300932245751,-0.16875130933536808,1.146765218799776,0.349814859434586,58,"{""2022"": 0.061367994249649005, ""2023"": 0.05712052477460672, ""2024"": 0.04439384984897443, ""2025"": 0.5533368973565771, ""2026"": 0.6183113183691515}"
stress,m612_70_30_month_start_3_top2_majority_below_ma120_liq15_trend10_equal,6月70%+12月30%｜月初第3日 Top2｜2/3指数低于MA120空仓｜流动性15%+趋势质量10%｜equal,m612_70_30,month_start_3,majority_below_ma120,liq15_trend10,equal,2.0,2022-01-04,1.8243754027878434,0.25892438063752565,-0.16963900529345355,1.1209574167589498,0.34981535672509206,58,"{""2022"": 0.05691958542796649, ""2023"": 0.05268991796013056, ""2024"": 0.03674739136892602, ""2025"": 0.5435872106859572, ""2026"": 0.6112133497098191}"
stress,m612_70_30_month_start_3_top2_majority_below_ma120_liq15_trend10_equal,6月70%+12月30%｜月初第3日 Top2｜2/3指数低于MA120空仓｜流动性15%+趋势质量10%｜equal,m612_70_30,month_start_3,majority_below_ma120,liq15_trend10,equal,1.0,2023-01-03,1.732390369281262,0.33130290818893493,-0.1687513093353683,1.2487601635726584,0.41999744294419755,50,"{""2023"": 0.05712052477460672, ""2024"": 0.044393849848974654, ""2025"": 0.5533368973565769, ""2026"": 0.618311318369152}"
stress,m612_70_30_month_start_3_top2_majority_below_ma120_liq15_trend10_equal,6月70%+12月30%｜月初第3日 Top2｜2/3指数低于MA120空仓｜流动性15%+趋势质量10%｜equal,m612_70_30,month_start_3,majority_below_ma120,liq15_trend10,equal,2.0,2023-01-03,1.6722708536470168,0.3228974627807306,-0.16963900529345355,1.2237418035943346,0.4199980818162359,50,"{""2023"": 0.05268991796013056, ""2024"": 0.0367473913689258, ""2025"": 0.5435872106859574, ""2026"": 0.6112133497098196}"
stress,m612_70_30_month_start_3_top2_majority_below_ma120_liq15_trend10_inverse_vol,6月70%+12月30%｜月初第3日 Top2｜2/3指数低于MA120空仓｜流动性15%+趋势质量10%｜inverse_vol,m612_70_30,month_start_3,majority_below_ma120,liq15_trend10,inverse_vol,1.0,2021-07-10,2.1140025199551262,0.2555664064715504,-0.1673331036802349,1.1096247617206958,0.3470296316299051,66,"{""2021"": 0.08422642059786134, ""2022"": 0.057644689777054836, ""2023"": 0.054325422402274226, ""2024"": 0.03784847025549687, ""2025"": 0.5338469702498168, ""2026"": 0.6425436640200561}"
stress,m612_70_30_month_start_3_top2_majority_below_ma120_liq15_trend10_inverse_vol,6月70%+12月30%｜月初第3日 Top2｜2/3指数低于MA120空仓｜流动性15%+趋势质量10%｜inverse_vol,m612_70_30,month_start_3,majority_below_ma120,liq15_trend10,inverse_vol,2.0,2021-07-10,2.0236732249706293,0.24818312854298274,-0.16833109511458177,1.0837145070995804,0.3470456409009354,66,"{""2021"": 0.08190110201867284, ""2022"": 0.05321188608059879, ""2023"": 0.049906530429509655, ""2024"": 0.03024993332660042, ""2025"": 0.5235188269702957, ""2026"": 0.6347156398136582}"
stress,m612_70_30_month_start_3_top2_majority_below_ma120_liq15_trend10_inverse_vol,6月70%+12月30%｜月初第3日 Top2｜2/3指数低于MA120空仓｜流动性15%+趋势质量10%｜inverse_vol,m612_70_30,month_start_3,majority_below_ma120,liq15_trend10,inverse_vol,1.0,2022-01-04,1.8720961422781173,0.2636108389328893,-0.1673331036802349,1.1442235602682937,0.3498079468952928,60,"{""2022"": 0.05764468977705506, ""2023"": 0.05432542240227445, ""2024"": 0.03784847025549687, ""2025"": 0.5338469702498168, ""2026"": 0.6425436640200564}"
stress,m612_70_30_month_start_3_top2_majority_below_ma120_liq15_trend10_inverse_vol,6月70%+12月30%｜月初第3日 Top2｜2/3指数低于MA120空仓｜流动性15%+趋势质量10%｜inverse_vol,m612_70_30,month_start_3,majority_below_ma120,liq15_trend10,inverse_vol,2.0,2022-01-04,1.7947778399789835,0.25598667586197,-0.16833109511458189,1.1173988648061997,0.3498085903586407,60,"{""2022"": 0.05321188608059879, ""2023"": 0.04990653042950988, ""2024"": 0.030249933326600642, ""2025"": 0.5235188269702951, ""2026"": 0.6347156398136582}"
stress,m612_70_30_month_start_3_top2_majority_below_ma120_liq15_trend10_inverse_vol,6月70%+12月30%｜月初第3日 Top2｜2/3指数低于MA120空仓｜流动性15%+趋势质量10%｜inverse_vol,m612_70_30,month_start_3,majority_below_ma120,liq15_trend10,inverse_vol,1.0,2023-01-03,1.7155586087077466,0.32896306684156973,-0.16733310368023468,1.2496268839633982,0.4199885623643056,52,"{""2023"": 0.05432542240227378, ""2024"": 0.03784847025549709, ""2025"": 0.5338469702498172, ""2026"": 0.6425436640200552}"
stress,m612_70_30_month_start_3_top2_majority_below_ma120_liq15_trend10_inverse_vol,6月70%+12月30%｜月初第3日 Top2｜2/3指数低于MA120空仓｜流动性15%+趋势质量10%｜inverse_vol,m612_70_30,month_start_3,majority_below_ma120,liq15_trend10,inverse_vol,2.0,2023-01-03,1.6535760533233388,0.32025615041948896,-0.16833109511458189,1.2234586647821724,0.41998938902545374,52,"{""2023"": 0.04990653042950988, ""2024"": 0.03024993332660042, ""2025"": 0.5235188269702955, ""2026"": 0.6347156398136586}"
stress,m612_60_40_month_start_3_top2_majority_below_ma120_liq15_trend10_equal,6月60%+12月40%｜月初第3日 Top2｜2/3指数低于MA120空仓｜流动性15%+趋势质量10%｜equal,m612_60_40,month_start_3,majority_below_ma120,liq15_trend10,equal,1.0,2021-07-10,2.1242706345835454,0.2563948123722277,-0.1687513093353682,1.1063740969581104,0.3470602956185825,64,"{""2021"": 0.07730807136043816, ""2022"": 0.061367994249649005, ""2023"": 0.05712052477460694, ""2024"": 0.04439384984897421, ""2025"": 0.5533368973565773, ""2026"": 0.6183113183691522}"
stress,m612_60_40_month_start_3_top2_majority_below_ma120_liq15_trend10_equal,6月60%+12月40%｜月初第3日 Top2｜2/3指数低于MA120空仓｜流动性15%+趋势质量10%｜equal,m612_60_40,month_start_3,majority_below_ma120,liq15_trend10,equal,2.0,2021-07-10,2.036378392359483,0.24923218534731584,-0.16963900529345355,1.0814274405985327,0.3470752910929935,64,"{""2021"": 0.07506190195622753, ""2022"": 0.05691958542796649, ""2023"": 0.05268991796013056, ""2024"": 0.0367473913689258, ""2025"": 0.5435872106859567, ""2026"": 0.6112133497098189}"
stress,m612_60_40_month_start_3_top2_majority_below_ma120_liq15_trend10_equal,6月60%+12月40%｜月初第3日 Top2｜2/3指数低于MA120空仓｜流动性15%+趋势质量10%｜equal,m612_60_40,month_start_3,majority_below_ma120,liq15_trend10,equal,1.0,2022-01-04,1.900071685751111,0.2663300932245751,-0.16875130933536808,1.146765218799776,0.349814859434586,58,"{""2022"": 0.061367994249649005, ""2023"": 0.05712052477460672, ""2024"": 0.04439384984897443, ""2025"": 0.5533368973565771, ""2026"": 0.6183113183691515}"
stress,m612_60_40_month_start_3_top2_majority_below_ma120_liq15_trend10_equal,6月60%+12月40%｜月初第3日 Top2｜2/3指数低于MA120空仓｜流动性15%+趋势质量10%｜equal,m612_60_40,month_start_3,majority_below_ma120,liq15_trend10,equal,2.0,2022-01-04,1.8243754027878434,0.25892438063752565,-0.16963900529345355,1.1209574167589498,0.34981535672509206,58,"{""2022"": 0.05691958542796649, ""2023"": 0.05268991796013056, ""2024"": 0.03674739136892602, ""2025"": 0.5435872106859572, ""2026"": 0.6112133497098191}"
stress,m612_60_40_month_start_3_top2_majority_below_ma120_liq15_trend10_equal,6月60%+12月40%｜月初第3日 Top2｜2/3指数低于MA120空仓｜流动性15%+趋势质量10%｜equal,m612_60_40,month_start_3,majority_below_ma120,liq15_trend10,equal,1.0,2023-01-03,1.732390369281262,0.33130290818893493,-0.1687513093353683,1.2487601635726584,0.41999744294419755,50,"{""2023"": 0.05712052477460672, ""2024"": 0.044393849848974654, ""2025"": 0.5533368973565769, ""2026"": 0.618311318369152}"
stress,m612_60_40_month_start_3_top2_majority_below_ma120_liq15_trend10_equal,6月60%+12月40%｜月初第3日 Top2｜2/3指数低于MA120空仓｜流动性15%+趋势质量10%｜equal,m612_60_40,month_start_3,majority_below_ma120,liq15_trend10,equal,2.0,2023-01-03,1.6722708536470168,0.3228974627807306,-0.16963900529345355,1.2237418035943346,0.4199980818162359,50,"{""2023"": 0.05268991796013056, ""2024"": 0.0367473913689258, ""2025"": 0.5435872106859574, ""2026"": 0.6112133497098196}"
stress,m612_60_40_month_start_3_top2_majority_below_ma120_liq15_trend10_inverse_vol,6月60%+12月40%｜月初第3日 Top2｜2/3指数低于MA120空仓｜流动性15%+趋势质量10%｜inverse_vol,m612_60_40,month_start_3,majority_below_ma120,liq15_trend10,inverse_vol,1.0,2021-07-10,2.1140025199551262,0.2555664064715504,-0.1673331036802349,1.1096247617206958,0.3470296316299051,66,"{""2021"": 0.08422642059786134, ""2022"": 0.057644689777054836, ""2023"": 0.054325422402274226, ""2024"": 0.03784847025549687, ""2025"": 0.5338469702498168, ""2026"": 0.6425436640200561}"
stress,m612_60_40_month_start_3_top2_majority_below_ma120_liq15_trend10_inverse_vol,6月60%+12月40%｜月初第3日 Top2｜2/3指数低于MA120空仓｜流动性15%+趋势质量10%｜inverse_vol,m612_60_40,month_start_3,majority_below_ma120,liq15_trend10,inverse_vol,2.0,2021-07-10,2.0236732249706293,0.24818312854298274,-0.16833109511458177,1.0837145070995804,0.3470456409009354,66,"{""2021"": 0.08190110201867284, ""2022"": 0.05321188608059879, ""2023"": 0.049906530429509655, ""2024"": 0.03024993332660042, ""2025"": 0.5235188269702957, ""2026"": 0.6347156398136582}"
stress,m612_60_40_month_start_3_top2_majority_below_ma120_liq15_trend10_inverse_vol,6月60%+12月40%｜月初第3日 Top2｜2/3指数低于MA120空仓｜流动性15%+趋势质量10%｜inverse_vol,m612_60_40,month_start_3,majority_below_ma120,liq15_trend10,inverse_vol,1.0,2022-01-04,1.8720961422781173,0.2636108389328893,-0.1673331036802349,1.1442235602682937,0.3498079468952928,60,"{""2022"": 0.05764468977705506, ""2023"": 0.05432542240227445, ""2024"": 0.03784847025549687, ""2025"": 0.5338469702498168, ""2026"": 0.6425436640200564}"
stress,m612_60_40_month_start_3_top2_majority_below_ma120_liq15_trend10_inverse_vol,6月60%+12月40%｜月初第3日 Top2｜2/3指数低于MA120空仓｜流动性15%+趋势质量10%｜inverse_vol,m612_60_40,month_start_3,majority_below_ma120,liq15_trend10,inverse_vol,2.0,2022-01-04,1.7947778399789835,0.25598667586197,-0.16833109511458189,1.1173988648061997,0.3498085903586407,60,"{""2022"": 0.05321188608059879, ""2023"": 0.04990653042950988, ""2024"": 0.030249933326600642, ""2025"": 0.5235188269702951, ""2026"": 0.6347156398136582}"
stress,m612_60_40_month_start_3_top2_majority_below_ma120_liq15_trend10_inverse_vol,6月60%+12月40%｜月初第3日 Top2｜2/3指数低于MA120空仓｜流动性15%+趋势质量10%｜inverse_vol,m612_60_40,month_start_3,majority_below_ma120,liq15_trend10,inverse_vol,1.0,2023-01-03,1.7155586087077466,0.32896306684156973,-0.16733310368023468,1.2496268839633982,0.4199885623643056,52,"{""2023"": 0.05432542240227378, ""2024"": 0.03784847025549709, ""2025"": 0.5338469702498172, ""2026"": 0.6425436640200552}"
stress,m612_60_40_month_start_3_top2_majority_below_ma120_liq15_trend10_inverse_vol,6月60%+12月40%｜月初第3日 Top2｜2/3指数低于MA120空仓｜流动性15%+趋势质量10%｜inverse_vol,m612_60_40,month_start_3,majority_below_ma120,liq15_trend10,inverse_vol,2.0,2023-01-03,1.6535760533233388,0.32025615041948896,-0.16833109511458189,1.2234586647821724,0.41998938902545374,52,"{""2023"": 0.04990653042950988, ""2024"": 0.03024993332660042, ""2025"": 0.5235188269702955, ""2026"": 0.6347156398136586}"
stress,m612_50_50_month_start_3_top2_majority_below_ma120_liq15_trend10_equal,6月50%+12月50%｜月初第3日 Top2｜2/3指数低于MA120空仓｜流动性15%+趋势质量10%｜equal,m612_50_50,month_start_3,majority_below_ma120,liq15_trend10,equal,1.0,2021-07-10,2.1217089837551772,0.25618834882081143,-0.1687513093353682,1.105621886294461,0.34706209189745196,62,"{""2021"": 0.07730807136043816, ""2022"": 0.061367994249649005, ""2023"": 0.05712052477460694, ""2024"": 0.04439384984897421, ""2025"": 0.5533368973565773, ""2026"": 0.6169844331488483}"
stress,m612_50_50_month_start_3_top2_majority_below_ma120_liq15_trend10_equal,6月50%+12月50%｜月初第3日 Top2｜2/3指数低于MA120空仓｜流动性15%+趋势质量10%｜equal,m612_50_50,month_start_3,majority_below_ma120,liq15_trend10,equal,2.0,2021-07-10,2.0369975593503065,0.2492832197714392,-0.16963900529345355,1.081600661100735,0.3470766385774559,62,"{""2021"": 0.07506190195622753, ""2022"": 0.05691958542796649, ""2023"": 0.05268991796013056, ""2024"": 0.0367473913689258, ""2025"": 0.5435872106859567, ""2026"": 0.6115419023447028}"
stress,m612_50_50_month_start_3_top2_majority_below_ma120_liq15_trend10_equal,6月50%+12月50%｜月初第3日 Top2｜2/3指数低于MA120空仓｜流动性15%+趋势质量10%｜equal,m612_50_50,month_start_3,majority_below_ma120,liq15_trend10,equal,1.0,2022-01-04,1.8976938600423225,0.26609976166797433,-0.16875130933536808,1.1459242472991578,0.3498168498168498,56,"{""2022"": 0.061367994249649005, ""2023"": 0.05712052477460672, ""2024"": 0.04439384984897443, ""2025"": 0.5533368973565771, ""2026"": 0.6169844331488488}"
stress,m612_50_50_month_start_3_top2_majority_below_ma120_liq15_trend10_equal,6月50%+12月50%｜月初第3日 Top2｜2/3指数低于MA120空仓｜流动性15%+趋势质量10%｜equal,m612_50_50,month_start_3,majority_below_ma120,liq15_trend10,equal,2.0,2022-01-04,1.8249513389173782,0.25898130703690114,-0.16963900529345355,1.1211502871575214,0.3498168498168498,56,"{""2022"": 0.05691958542796649, ""2023"": 0.05268991796013056, ""2024"": 0.03674739136892602, ""2025"": 0.5435872106859572, ""2026"": 0.6115419023447031}"
stress,m612_50_50_month_start_3_top2_majority_below_ma120_liq15_trend10_equal,6月50%+12月50%｜月初第3日 Top2｜2/3指数低于MA120空仓｜流动性15%+趋势质量10%｜equal,m612_50_50,month_start_3,majority_below_ma120,liq15_trend10,equal,1.0,2023-01-03,1.7301500287757334,0.33099206659144165,-0.1687513093353683,1.247793967278633,0.42,48,"{""2023"": 0.05712052477460672, ""2024"": 0.044393849848974654, ""2025"": 0.5533368973565769, ""2026"": 0.6169844331488488}"
stress,m612_50_50_month_start_3_top2_majority_below_ma120_liq15_trend10_equal,6月50%+12月50%｜月初第3日 Top2｜2/3指数低于MA120空仓｜流动性15%+趋势质量10%｜equal,m612_50_50,month_start_3,majority_below_ma120,liq15_trend10,equal,2.0,2023-01-03,1.6728157731825002,0.3229742537205962,-0.16963900529345355,1.2239639520515027,0.42,48,"{""2023"": 0.05268991796013056, ""2024"": 0.0367473913689258, ""2025"": 0.5435872106859574, ""2026"": 0.6115419023447033}"
stress,m612_50_50_month_start_3_top2_majority_below_ma120_liq15_trend10_inverse_vol,6月50%+12月50%｜月初第3日 Top2｜2/3指数低于MA120空仓｜流动性15%+趋势质量10%｜inverse_vol,m612_50_50,month_start_3,majority_below_ma120,liq15_trend10,inverse_vol,1.0,2021-07-10,2.11183647407584,0.2553913763680191,-0.1673331036802349,1.1089645442617653,0.34703766633266564,64,"{""2021"": 0.08422642059786134, ""2022"": 0.057644689777054836, ""2023"": 0.054325422402274226, ""2024"": 0.03784847025549687, ""2025"": 0.5338469702498168, ""2026"": 0.64140113927507}"
stress,m612_50_50_month_start_3_top2_majority_below_ma120_liq15_trend10_inverse_vol,6月50%+12月50%｜月初第3日 Top2｜2/3指数低于MA120空仓｜流动性15%+趋势质量10%｜inverse_vol,m612_50_50,month_start_3,majority_below_ma120,liq15_trend10,inverse_vol,2.0,2021-07-10,2.024984725530505,0.24829158119781414,-0.16833109511458177,1.0840855580094104,0.3470530948913192,64,"{""2021"": 0.08190110201867284, ""2022"": 0.05321188608059879, ""2023"": 0.049906530429509655, ""2024"": 0.03024993332660042, ""2025"": 0.5235188269702957, ""2026"": 0.6354246881523304}"
stress,m612_50_50_month_start_3_top2_majority_below_ma120_liq15_trend10_inverse_vol,6月50%+12月50%｜月初第3日 Top2｜2/3指数低于MA120空仓｜流动性15%+趋势质量10%｜inverse_vol,m612_50_50,month_start_3,majority_below_ma120,liq15_trend10,inverse_vol,1.0,2022-01-04,1.8700983622589837,0.2634158651403786,-0.1673331036802349,1.1434844417203853,0.3498168498168498,58,"{""2022"": 0.05764468977705506, ""2023"": 0.05432542240227445, ""2024"": 0.03784847025549687, ""2025"": 0.5338469702498168, ""2026"": 0.6414011392750696}"
stress,m612_50_50_month_start_3_top2_majority_below_ma120_liq15_trend10_inverse_vol,6月50%+12月50%｜月初第3日 Top2｜2/3指数低于MA120空仓｜流动性15%+趋势质量10%｜inverse_vol,m612_50_50,month_start_3,majority_below_ma120,liq15_trend10,inverse_vol,2.0,2022-01-04,1.7959900585056388,0.2561074689259428,-0.16833109511458189,1.1178122636209247,0.3498168498168498,58,"{""2022"": 0.05321188608059879, ""2023"": 0.04990653042950988, ""2024"": 0.030249933326600642, ""2025"": 0.5235188269702951, ""2026"": 0.6354246881523307}"
stress,m612_50_50_month_start_3_top2_majority_below_ma120_liq15_trend10_inverse_vol,6月50%+12月50%｜月初第3日 Top2｜2/3指数低于MA120空仓｜流动性15%+趋势质量10%｜inverse_vol,m612_50_50,month_start_3,majority_below_ma120,liq15_trend10,inverse_vol,1.0,2023-01-03,1.7136697134686925,0.32869983813789583,-0.16733310368023468,1.2487778666530749,0.42,50,"{""2023"": 0.05432542240227378, ""2024"": 0.03784847025549709, ""2025"": 0.5338469702498172, ""2026"": 0.64140113927507}"
stress,m612_50_50_month_start_3_top2_majority_below_ma120_liq15_trend10_inverse_vol,6月50%+12月50%｜月初第3日 Top2｜2/3指数低于MA120空仓｜流动性15%+趋势质量10%｜inverse_vol,m612_50_50,month_start_3,majority_below_ma120,liq15_trend10,inverse_vol,2.0,2023-01-03,1.6547270264016678,0.32041915058004755,-0.16833109511458189,1.2239349335222265,0.42,50,"{""2023"": 0.04990653042950988, ""2024"": 0.03024993332660042, ""2025"": 0.5235188269702955, ""2026"": 0.6354246881523307}"
stress,m612_70_30_month_start_3_top2_majority_below_ma120_liq20_trend0_equal,6月70%+12月30%｜月初第3日 Top2｜2/3指数低于MA120空仓｜流动性20%｜equal,m612_70_30,month_start_3,majority_below_ma120,liq20_trend0,equal,1.0,2021-07-10,2.110638350899914,0.25529451864289365,-0.16875131625752393,1.1141573028854428,0.34706209189745196,62,"{""2021"": 0.07730807136043816, ""2022"": 0.061367994249649005, ""2023"": 0.05712052477460694, ""2024"": 0.04439384984897421, ""2025"": 0.5478282408544315, ""2026"": 0.6169844331488488}"
stress,m612_70_30_month_start_3_top2_majority_below_ma120_liq20_trend0_equal,6月70%+12月30%｜月初第3日 Top2｜2/3指数低于MA120空仓｜流动性20%｜equal,m612_70_30,month_start_3,majority_below_ma120,liq20_trend0,equal,2.0,2021-07-10,2.0262092195142962,0.2483928050334887,-0.16963903297885707,1.0897968783212157,0.3470766385774559,62,"{""2021"": 0.07506190195622753, ""2022"": 0.05691958542796649, ""2023"": 0.05268991796013056, ""2024"": 0.0367473913689258, ""2025"": 0.5381039190237267, ""2026"": 0.6115419023447031}"
stress,m612_70_30_month_start_3_top2_majority_below_ma120_liq20_trend0_equal,6月70%+12月30%｜月初第3日 Top2｜2/3指数低于MA120空仓｜流动性20%｜equal,m612_70_30,month_start_3,majority_below_ma120,liq20_trend0,equal,1.0,2022-01-04,1.8874176603650246,0.2651026478513909,-0.16875131625752404,1.156173565160741,0.3498168498168498,56,"{""2022"": 0.061367994249649005, ""2023"": 0.05712052477460672, ""2024"": 0.04439384984897443, ""2025"": 0.5478282408544315, ""2026"": 0.6169844331488483}"
stress,m612_70_30_month_start_3_top2_majority_below_ma120_liq20_trend0_equal,6月70%+12月30%｜月初第3日 Top2｜2/3指数低于MA120空仓｜流动性20%｜equal,m612_70_30,month_start_3,majority_below_ma120,liq20_trend0,equal,2.0,2022-01-04,1.8149162518062272,0.2579881286917083,-0.16963903297885718,1.13100562035863,0.3498168498168498,56,"{""2022"": 0.05691958542796649, ""2023"": 0.05268991796013056, ""2024"": 0.03674739136892602, ""2025"": 0.5381039190237269, ""2026"": 0.6115419023447028}"
stress,m612_70_30_month_start_3_top2_majority_below_ma120_liq20_trend0_equal,6月70%+12月30%｜月初第3日 Top2｜2/3指数低于MA120空仓｜流动性20%｜equal,m612_70_30,month_start_3,majority_below_ma120,liq20_trend0,equal,1.0,2023-01-03,1.7204679960283995,0.3296466069145785,-0.16875131625752393,1.2590718884489869,0.42,48,"{""2023"": 0.05712052477460672, ""2024"": 0.044393849848974654, ""2025"": 0.5478282408544313, ""2026"": 0.6169844331488485}"
stress,m612_70_30_month_start_3_top2_majority_below_ma120_liq20_trend0_equal,6月70%+12月30%｜月初第3日 Top2｜2/3指数低于MA120空仓｜流动性20%｜equal,m612_70_30,month_start_3,majority_below_ma120,liq20_trend0,equal,2.0,2023-01-03,1.6633211179130662,0.32163464587222124,-0.16963903297885718,1.2348488093429033,0.42,48,"{""2023"": 0.05268991796013056, ""2024"": 0.0367473913689258, ""2025"": 0.5381039190237269, ""2026"": 0.6115419023447028}"
stress,m612_70_30_month_start_3_top2_majority_below_ma120_liq20_trend0_inverse_vol,6月70%+12月30%｜月初第3日 Top2｜2/3指数低于MA120空仓｜流动性20%｜inverse_vol,m612_70_30,month_start_3,majority_below_ma120,liq20_trend0,inverse_vol,1.0,2021-07-10,2.107842847660481,0.25506841072472786,-0.16733278834753962,1.1187666713320408,0.34703766633266564,64,"{""2021"": 0.08422642059786134, ""2022"": 0.057644689777054836, ""2023"": 0.054325422402274226, ""2024"": 0.03784847025549687, ""2025"": 0.5318784825646379, ""2026"": 0.6414011392750698}"
stress,m612_70_30_month_start_3_top2_majority_below_ma120_liq20_trend0_inverse_vol,6月70%+12月30%｜月初第3日 Top2｜2/3指数低于MA120空仓｜流动性20%｜inverse_vol,m612_70_30,month_start_3,majority_below_ma120,liq20_trend0,inverse_vol,2.0,2021-07-10,2.0214123543656237,0.24799608074885682,-0.16833047779046595,1.0936568776883615,0.3470530948913192,64,"{""2021"": 0.08190110201867284, ""2022"": 0.05321188608059879, ""2023"": 0.049906530429509655, ""2024"": 0.03024993332660042, ""2025"": 0.5217196196286227, ""2026"": 0.6354246881523309}"
stress,m612_70_30_month_start_3_top2_majority_below_ma120_liq20_trend0_inverse_vol,6月70%+12月30%｜月初第3日 Top2｜2/3指数低于MA120空仓｜流动性20%｜inverse_vol,m612_70_30,month_start_3,majority_below_ma120,liq20_trend0,inverse_vol,1.0,2022-01-04,1.8664149744172125,0.26305610701669924,-0.16733278834753962,1.1550309254552373,0.3498168498168498,58,"{""2022"": 0.05764468977705506, ""2023"": 0.05432542240227445, ""2024"": 0.03784847025549687, ""2025"": 0.5318784825646381, ""2026"": 0.6414011392750705}"
stress,m612_70_30_month_start_3_top2_majority_below_ma120_liq20_trend0_inverse_vol,6月70%+12月30%｜月初第3日 Top2｜2/3指数低于MA120空仓｜流动性20%｜inverse_vol,m612_70_30,month_start_3,majority_below_ma120,liq20_trend0,inverse_vol,2.0,2022-01-04,1.7926881197626106,0.2557783472563486,-0.16833047779046617,1.129085850270498,0.3498168498168498,58,"{""2022"": 0.05321188608059879, ""2023"": 0.04990653042950988, ""2024"": 0.030249933326600642, ""2025"": 0.5217196196286222, ""2026"": 0.6354246881523309}"
stress,m612_70_30_month_start_3_top2_majority_below_ma120_liq20_trend0_inverse_vol,6月70%+12月30%｜月初第3日 Top2｜2/3指数低于MA120空仓｜流动性20%｜inverse_vol,m612_70_30,month_start_3,majority_below_ma120,liq20_trend0,inverse_vol,1.0,2023-01-03,1.7101870809008966,0.3282141689360092,-0.16733278834753973,1.2616482586193107,0.42,50,"{""2023"": 0.05432542240227378, ""2024"": 0.03784847025549709, ""2025"": 0.5318784825646383, ""2026"": 0.6414011392750698}"
stress,m612_70_30_month_start_3_top2_majority_below_ma120_liq20_trend0_inverse_vol,6月70%+12月30%｜月初第3日 Top2｜2/3指数低于MA120空仓｜流动性20%｜inverse_vol,m612_70_30,month_start_3,majority_below_ma120,liq20_trend0,inverse_vol,2.0,2023-01-03,1.6515919129580503,0.319975038799565,-0.16833047779046617,1.2365470161435124,0.42,50,"{""2023"": 0.04990653042950988, ""2024"": 0.03024993332660042, ""2025"": 0.5217196196286227, ""2026"": 0.6354246881523307}"
stress,m612_70_30_month_start_3_top2_majority_below_ma120_liq20_trend5_equal,6月70%+12月30%｜月初第3日 Top2｜2/3指数低于MA120空仓｜流动性20%+趋势质量5%｜equal,m612_70_30,month_start_3,majority_below_ma120,liq20_trend5,equal,1.0,2021-07-10,2.110638350899914,0.25529451864289365,-0.16875131625752393,1.1141573028854428,0.34706209189745196,62,"{""2021"": 0.07730807136043816, ""2022"": 0.061367994249649005, ""2023"": 0.05712052477460694, ""2024"": 0.04439384984897421, ""2025"": 0.5478282408544315, ""2026"": 0.6169844331488488}"
stress,m612_70_30_month_start_3_top2_majority_below_ma120_liq20_trend5_equal,6月70%+12月30%｜月初第3日 Top2｜2/3指数低于MA120空仓｜流动性20%+趋势质量5%｜equal,m612_70_30,month_start_3,majority_below_ma120,liq20_trend5,equal,2.0,2021-07-10,2.0262092195142962,0.2483928050334887,-0.16963903297885707,1.0897968783212157,0.3470766385774559,62,"{""2021"": 0.07506190195622753, ""2022"": 0.05691958542796649, ""2023"": 0.05268991796013056, ""2024"": 0.0367473913689258, ""2025"": 0.5381039190237267, ""2026"": 0.6115419023447031}"
stress,m612_70_30_month_start_3_top2_majority_below_ma120_liq20_trend5_equal,6月70%+12月30%｜月初第3日 Top2｜2/3指数低于MA120空仓｜流动性20%+趋势质量5%｜equal,m612_70_30,month_start_3,majority_below_ma120,liq20_trend5,equal,1.0,2022-01-04,1.8874176603650246,0.2651026478513909,-0.16875131625752404,1.156173565160741,0.3498168498168498,56,"{""2022"": 0.061367994249649005, ""2023"": 0.05712052477460672, ""2024"": 0.04439384984897443, ""2025"": 0.5478282408544315, ""2026"": 0.6169844331488483}"
stress,m612_70_30_month_start_3_top2_majority_below_ma120_liq20_trend5_equal,6月70%+12月30%｜月初第3日 Top2｜2/3指数低于MA120空仓｜流动性20%+趋势质量5%｜equal,m612_70_30,month_start_3,majority_below_ma120,liq20_trend5,equal,2.0,2022-01-04,1.8149162518062272,0.2579881286917083,-0.16963903297885718,1.13100562035863,0.3498168498168498,56,"{""2022"": 0.05691958542796649, ""2023"": 0.05268991796013056, ""2024"": 0.03674739136892602, ""2025"": 0.5381039190237269, ""2026"": 0.6115419023447028}"
stress,m612_70_30_month_start_3_top2_majority_below_ma120_liq20_trend5_equal,6月70%+12月30%｜月初第3日 Top2｜2/3指数低于MA120空仓｜流动性20%+趋势质量5%｜equal,m612_70_30,month_start_3,majority_below_ma120,liq20_trend5,equal,1.0,2023-01-03,1.7204679960283995,0.3296466069145785,-0.16875131625752393,1.2590718884489869,0.42,48,"{""2023"": 0.05712052477460672, ""2024"": 0.044393849848974654, ""2025"": 0.5478282408544313, ""2026"": 0.6169844331488485}"
stress,m612_70_30_month_start_3_top2_majority_below_ma120_liq20_trend5_equal,6月70%+12月30%｜月初第3日 Top2｜2/3指数低于MA120空仓｜流动性20%+趋势质量5%｜equal,m612_70_30,month_start_3,majority_below_ma120,liq20_trend5,equal,2.0,2023-01-03,1.6633211179130662,0.32163464587222124,-0.16963903297885718,1.2348488093429033,0.42,48,"{""2023"": 0.05268991796013056, ""2024"": 0.0367473913689258, ""2025"": 0.5381039190237269, ""2026"": 0.6115419023447028}"
stress,m612_70_30_month_start_3_top2_majority_below_ma120_liq20_trend5_inverse_vol,6月70%+12月30%｜月初第3日 Top2｜2/3指数低于MA120空仓｜流动性20%+趋势质量5%｜inverse_vol,m612_70_30,month_start_3,majority_below_ma120,liq20_trend5,inverse_vol,1.0,2021-07-10,2.107842847660481,0.25506841072472786,-0.16733278834753962,1.1187666713320408,0.34703766633266564,64,"{""2021"": 0.08422642059786134, ""2022"": 0.057644689777054836, ""2023"": 0.054325422402274226, ""2024"": 0.03784847025549687, ""2025"": 0.5318784825646379, ""2026"": 0.6414011392750698}"
stress,m612_70_30_month_start_3_top2_majority_below_ma120_liq20_trend5_inverse_vol,6月70%+12月30%｜月初第3日 Top2｜2/3指数低于MA120空仓｜流动性20%+趋势质量5%｜inverse_vol,m612_70_30,month_start_3,majority_below_ma120,liq20_trend5,inverse_vol,2.0,2021-07-10,2.0214123543656237,0.24799608074885682,-0.16833047779046595,1.0936568776883615,0.3470530948913192,64,"{""2021"": 0.08190110201867284, ""2022"": 0.05321188608059879, ""2023"": 0.049906530429509655, ""2024"": 0.03024993332660042, ""2025"": 0.5217196196286227, ""2026"": 0.6354246881523309}"
stress,m612_70_30_month_start_3_top2_majority_below_ma120_liq20_trend5_inverse_vol,6月70%+12月30%｜月初第3日 Top2｜2/3指数低于MA120空仓｜流动性20%+趋势质量5%｜inverse_vol,m612_70_30,month_start_3,majority_below_ma120,liq20_trend5,inverse_vol,1.0,2022-01-04,1.8664149744172125,0.26305610701669924,-0.16733278834753962,1.1550309254552373,0.3498168498168498,58,"{""2022"": 0.05764468977705506, ""2023"": 0.05432542240227445, ""2024"": 0.03784847025549687, ""2025"": 0.5318784825646381, ""2026"": 0.6414011392750705}"
stress,m612_70_30_month_start_3_top2_majority_below_ma120_liq20_trend5_inverse_vol,6月70%+12月30%｜月初第3日 Top2｜2/3指数低于MA120空仓｜流动性20%+趋势质量5%｜inverse_vol,m612_70_30,month_start_3,majority_below_ma120,liq20_trend5,inverse_vol,2.0,2022-01-04,1.7926881197626106,0.2557783472563486,-0.16833047779046617,1.129085850270498,0.3498168498168498,58,"{""2022"": 0.05321188608059879, ""2023"": 0.04990653042950988, ""2024"": 0.030249933326600642, ""2025"": 0.5217196196286222, ""2026"": 0.6354246881523309}"
stress,m612_70_30_month_start_3_top2_majority_below_ma120_liq20_trend5_inverse_vol,6月70%+12月30%｜月初第3日 Top2｜2/3指数低于MA120空仓｜流动性20%+趋势质量5%｜inverse_vol,m612_70_30,month_start_3,majority_below_ma120,liq20_trend5,inverse_vol,1.0,2023-01-03,1.7101870809008966,0.3282141689360092,-0.16733278834753973,1.2616482586193107,0.42,50,"{""2023"": 0.05432542240227378, ""2024"": 0.03784847025549709, ""2025"": 0.5318784825646383, ""2026"": 0.6414011392750698}"
stress,m612_70_30_month_start_3_top2_majority_below_ma120_liq20_trend5_inverse_vol,6月70%+12月30%｜月初第3日 Top2｜2/3指数低于MA120空仓｜流动性20%+趋势质量5%｜inverse_vol,m612_70_30,month_start_3,majority_below_ma120,liq20_trend5,inverse_vol,2.0,2023-01-03,1.6515919129580503,0.319975038799565,-0.16833047779046617,1.2365470161435124,0.42,50,"{""2023"": 0.04990653042950988, ""2024"": 0.03024993332660042, ""2025"": 0.5217196196286227, ""2026"": 0.6354246881523307}"
stress,m612_50_50_month_start_3_top2_majority_below_ma120_liq20_trend0_equal,6月50%+12月50%｜月初第3日 Top2｜2/3指数低于MA120空仓｜流动性20%｜equal,m612_50_50,month_start_3,majority_below_ma120,liq20_trend0,equal,1.0,2021-07-10,2.110638350899914,0.25529451864289365,-0.16875131625752393,1.1141573028854428,0.34706209189745196,62,"{""2021"": 0.07730807136043816, ""2022"": 0.061367994249649005, ""2023"": 0.05712052477460694, ""2024"": 0.04439384984897421, ""2025"": 0.5478282408544315, ""2026"": 0.6169844331488488}"
stress,m612_50_50_month_start_3_top2_majority_below_ma120_liq20_trend0_equal,6月50%+12月50%｜月初第3日 Top2｜2/3指数低于MA120空仓｜流动性20%｜equal,m612_50_50,month_start_3,majority_below_ma120,liq20_trend0,equal,2.0,2021-07-10,2.0262092195142962,0.2483928050334887,-0.16963903297885707,1.0897968783212157,0.3470766385774559,62,"{""2021"": 0.07506190195622753, ""2022"": 0.05691958542796649, ""2023"": 0.05268991796013056, ""2024"": 0.0367473913689258, ""2025"": 0.5381039190237267, ""2026"": 0.6115419023447031}"
stress,m612_50_50_month_start_3_top2_majority_below_ma120_liq20_trend0_equal,6月50%+12月50%｜月初第3日 Top2｜2/3指数低于MA120空仓｜流动性20%｜equal,m612_50_50,month_start_3,majority_below_ma120,liq20_trend0,equal,1.0,2022-01-04,1.8874176603650246,0.2651026478513909,-0.16875131625752404,1.156173565160741,0.3498168498168498,56,"{""2022"": 0.061367994249649005, ""2023"": 0.05712052477460672, ""2024"": 0.04439384984897443, ""2025"": 0.5478282408544315, ""2026"": 0.6169844331488483}"
stress,m612_50_50_month_start_3_top2_majority_below_ma120_liq20_trend0_equal,6月50%+12月50%｜月初第3日 Top2｜2/3指数低于MA120空仓｜流动性20%｜equal,m612_50_50,month_start_3,majority_below_ma120,liq20_trend0,equal,2.0,2022-01-04,1.8149162518062272,0.2579881286917083,-0.16963903297885718,1.13100562035863,0.3498168498168498,56,"{""2022"": 0.05691958542796649, ""2023"": 0.05268991796013056, ""2024"": 0.03674739136892602, ""2025"": 0.5381039190237269, ""2026"": 0.6115419023447028}"
stress,m612_50_50_month_start_3_top2_majority_below_ma120_liq20_trend0_equal,6月50%+12月50%｜月初第3日 Top2｜2/3指数低于MA120空仓｜流动性20%｜equal,m612_50_50,month_start_3,majority_below_ma120,liq20_trend0,equal,1.0,2023-01-03,1.7204679960283995,0.3296466069145785,-0.16875131625752393,1.2590718884489869,0.42,48,"{""2023"": 0.05712052477460672, ""2024"": 0.044393849848974654, ""2025"": 0.5478282408544313, ""2026"": 0.6169844331488485}"
stress,m612_50_50_month_start_3_top2_majority_below_ma120_liq20_trend0_equal,6月50%+12月50%｜月初第3日 Top2｜2/3指数低于MA120空仓｜流动性20%｜equal,m612_50_50,month_start_3,majority_below_ma120,liq20_trend0,equal,2.0,2023-01-03,1.6633211179130662,0.32163464587222124,-0.16963903297885718,1.2348488093429033,0.42,48,"{""2023"": 0.05268991796013056, ""2024"": 0.0367473913689258, ""2025"": 0.5381039190237269, ""2026"": 0.6115419023447028}"
stress,m612_50_50_month_start_3_top2_majority_below_ma120_liq20_trend0_inverse_vol,6月50%+12月50%｜月初第3日 Top2｜2/3指数低于MA120空仓｜流动性20%｜inverse_vol,m612_50_50,month_start_3,majority_below_ma120,liq20_trend0,inverse_vol,1.0,2021-07-10,2.107842847660481,0.25506841072472786,-0.16733278834753962,1.1187666713320408,0.34703766633266564,64,"{""2021"": 0.08422642059786134, ""2022"": 0.057644689777054836, ""2023"": 0.054325422402274226, ""2024"": 0.03784847025549687, ""2025"": 0.5318784825646379, ""2026"": 0.6414011392750698}"
stress,m612_50_50_month_start_3_top2_majority_below_ma120_liq20_trend0_inverse_vol,6月50%+12月50%｜月初第3日 Top2｜2/3指数低于MA120空仓｜流动性20%｜inverse_vol,m612_50_50,month_start_3,majority_below_ma120,liq20_trend0,inverse_vol,2.0,2021-07-10,2.0214123543656237,0.24799608074885682,-0.16833047779046595,1.0936568776883615,0.3470530948913192,64,"{""2021"": 0.08190110201867284, ""2022"": 0.05321188608059879, ""2023"": 0.049906530429509655, ""2024"": 0.03024993332660042, ""2025"": 0.5217196196286227, ""2026"": 0.6354246881523309}"
stress,m612_50_50_month_start_3_top2_majority_below_ma120_liq20_trend0_inverse_vol,6月50%+12月50%｜月初第3日 Top2｜2/3指数低于MA120空仓｜流动性20%｜inverse_vol,m612_50_50,month_start_3,majority_below_ma120,liq20_trend0,inverse_vol,1.0,2022-01-04,1.8664149744172125,0.26305610701669924,-0.16733278834753962,1.1550309254552373,0.3498168498168498,58,"{""2022"": 0.05764468977705506, ""2023"": 0.05432542240227445, ""2024"": 0.03784847025549687, ""2025"": 0.5318784825646381, ""2026"": 0.6414011392750705}"
stress,m612_50_50_month_start_3_top2_majority_below_ma120_liq20_trend0_inverse_vol,6月50%+12月50%｜月初第3日 Top2｜2/3指数低于MA120空仓｜流动性20%｜inverse_vol,m612_50_50,month_start_3,majority_below_ma120,liq20_trend0,inverse_vol,2.0,2022-01-04,1.7926881197626106,0.2557783472563486,-0.16833047779046617,1.129085850270498,0.3498168498168498,58,"{""2022"": 0.05321188608059879, ""2023"": 0.04990653042950988, ""2024"": 0.030249933326600642, ""2025"": 0.5217196196286222, ""2026"": 0.6354246881523309}"
stress,m612_50_50_month_start_3_top2_majority_below_ma120_liq20_trend0_inverse_vol,6月50%+12月50%｜月初第3日 Top2｜2/3指数低于MA120空仓｜流动性20%｜inverse_vol,m612_50_50,month_start_3,majority_below_ma120,liq20_trend0,inverse_vol,1.0,2023-01-03,1.7101870809008966,0.3282141689360092,-0.16733278834753973,1.2616482586193107,0.42,50,"{""2023"": 0.05432542240227378, ""2024"": 0.03784847025549709, ""2025"": 0.5318784825646383, ""2026"": 0.6414011392750698}"
stress,m612_50_50_month_start_3_top2_majority_below_ma120_liq20_trend0_inverse_vol,6月50%+12月50%｜月初第3日 Top2｜2/3指数低于MA120空仓｜流动性20%｜inverse_vol,m612_50_50,month_start_3,majority_below_ma120,liq20_trend0,inverse_vol,2.0,2023-01-03,1.6515919129580503,0.319975038799565,-0.16833047779046617,1.2365470161435124,0.42,50,"{""2023"": 0.04990653042950988, ""2024"": 0.03024993332660042, ""2025"": 0.5217196196286227, ""2026"": 0.6354246881523307}"
stress,m612_50_50_month_start_3_top2_majority_below_ma120_liq20_trend5_equal,6月50%+12月50%｜月初第3日 Top2｜2/3指数低于MA120空仓｜流动性20%+趋势质量5%｜equal,m612_50_50,month_start_3,majority_below_ma120,liq20_trend5,equal,1.0,2021-07-10,2.110638350899914,0.25529451864289365,-0.16875131625752393,1.1141573028854428,0.34706209189745196,62,"{""2021"": 0.07730807136043816, ""2022"": 0.061367994249649005, ""2023"": 0.05712052477460694, ""2024"": 0.04439384984897421, ""2025"": 0.5478282408544315, ""2026"": 0.6169844331488488}"
stress,m612_50_50_month_start_3_top2_majority_below_ma120_liq20_trend5_equal,6月50%+12月50%｜月初第3日 Top2｜2/3指数低于MA120空仓｜流动性20%+趋势质量5%｜equal,m612_50_50,month_start_3,majority_below_ma120,liq20_trend5,equal,2.0,2021-07-10,2.0262092195142962,0.2483928050334887,-0.16963903297885707,1.0897968783212157,0.3470766385774559,62,"{""2021"": 0.07506190195622753, ""2022"": 0.05691958542796649, ""2023"": 0.05268991796013056, ""2024"": 0.0367473913689258, ""2025"": 0.5381039190237267, ""2026"": 0.6115419023447031}"
stress,m612_50_50_month_start_3_top2_majority_below_ma120_liq20_trend5_equal,6月50%+12月50%｜月初第3日 Top2｜2/3指数低于MA120空仓｜流动性20%+趋势质量5%｜equal,m612_50_50,month_start_3,majority_below_ma120,liq20_trend5,equal,1.0,2022-01-04,1.8874176603650246,0.2651026478513909,-0.16875131625752404,1.156173565160741,0.3498168498168498,56,"{""2022"": 0.061367994249649005, ""2023"": 0.05712052477460672, ""2024"": 0.04439384984897443, ""2025"": 0.5478282408544315, ""2026"": 0.6169844331488483}"
stress,m612_50_50_month_start_3_top2_majority_below_ma120_liq20_trend5_equal,6月50%+12月50%｜月初第3日 Top2｜2/3指数低于MA120空仓｜流动性20%+趋势质量5%｜equal,m612_50_50,month_start_3,majority_below_ma120,liq20_trend5,equal,2.0,2022-01-04,1.8149162518062272,0.2579881286917083,-0.16963903297885718,1.13100562035863,0.3498168498168498,56,"{""2022"": 0.05691958542796649, ""2023"": 0.05268991796013056, ""2024"": 0.03674739136892602, ""2025"": 0.5381039190237269, ""2026"": 0.6115419023447028}"
stress,m612_50_50_month_start_3_top2_majority_below_ma120_liq20_trend5_equal,6月50%+12月50%｜月初第3日 Top2｜2/3指数低于MA120空仓｜流动性20%+趋势质量5%｜equal,m612_50_50,month_start_3,majority_below_ma120,liq20_trend5,equal,1.0,2023-01-03,1.7204679960283995,0.3296466069145785,-0.16875131625752393,1.2590718884489869,0.42,48,"{""2023"": 0.05712052477460672, ""2024"": 0.044393849848974654, ""2025"": 0.5478282408544313, ""2026"": 0.6169844331488485}"
stress,m612_50_50_month_start_3_top2_majority_below_ma120_liq20_trend5_equal,6月50%+12月50%｜月初第3日 Top2｜2/3指数低于MA120空仓｜流动性20%+趋势质量5%｜equal,m612_50_50,month_start_3,majority_below_ma120,liq20_trend5,equal,2.0,2023-01-03,1.6633211179130662,0.32163464587222124,-0.16963903297885718,1.2348488093429033,0.42,48,"{""2023"": 0.05268991796013056, ""2024"": 0.0367473913689258, ""2025"": 0.5381039190237269, ""2026"": 0.6115419023447028}"
stress,m612_50_50_month_start_3_top2_majority_below_ma120_liq20_trend5_inverse_vol,6月50%+12月50%｜月初第3日 Top2｜2/3指数低于MA120空仓｜流动性20%+趋势质量5%｜inverse_vol,m612_50_50,month_start_3,majority_below_ma120,liq20_trend5,inverse_vol,1.0,2021-07-10,2.107842847660481,0.25506841072472786,-0.16733278834753962,1.1187666713320408,0.34703766633266564,64,"{""2021"": 0.08422642059786134, ""2022"": 0.057644689777054836, ""2023"": 0.054325422402274226, ""2024"": 0.03784847025549687, ""2025"": 0.5318784825646379, ""2026"": 0.6414011392750698}"
stress,m612_50_50_month_start_3_top2_majority_below_ma120_liq20_trend5_inverse_vol,6月50%+12月50%｜月初第3日 Top2｜2/3指数低于MA120空仓｜流动性20%+趋势质量5%｜inverse_vol,m612_50_50,month_start_3,majority_below_ma120,liq20_trend5,inverse_vol,2.0,2021-07-10,2.0214123543656237,0.24799608074885682,-0.16833047779046595,1.0936568776883615,0.3470530948913192,64,"{""2021"": 0.08190110201867284, ""2022"": 0.05321188608059879, ""2023"": 0.049906530429509655, ""2024"": 0.03024993332660042, ""2025"": 0.5217196196286227, ""2026"": 0.6354246881523309}"
stress,m612_50_50_month_start_3_top2_majority_below_ma120_liq20_trend5_inverse_vol,6月50%+12月50%｜月初第3日 Top2｜2/3指数低于MA120空仓｜流动性20%+趋势质量5%｜inverse_vol,m612_50_50,month_start_3,majority_below_ma120,liq20_trend5,inverse_vol,1.0,2022-01-04,1.8664149744172125,0.26305610701669924,-0.16733278834753962,1.1550309254552373,0.3498168498168498,58,"{""2022"": 0.05764468977705506, ""2023"": 0.05432542240227445, ""2024"": 0.03784847025549687, ""2025"": 0.5318784825646381, ""2026"": 0.6414011392750705}"
stress,m612_50_50_month_start_3_top2_majority_below_ma120_liq20_trend5_inverse_vol,6月50%+12月50%｜月初第3日 Top2｜2/3指数低于MA120空仓｜流动性20%+趋势质量5%｜inverse_vol,m612_50_50,month_start_3,majority_below_ma120,liq20_trend5,inverse_vol,2.0,2022-01-04,1.7926881197626106,0.2557783472563486,-0.16833047779046617,1.129085850270498,0.3498168498168498,58,"{""2022"": 0.05321188608059879, ""2023"": 0.04990653042950988, ""2024"": 0.030249933326600642, ""2025"": 0.5217196196286222, ""2026"": 0.6354246881523309}"
stress,m612_50_50_month_start_3_top2_majority_below_ma120_liq20_trend5_inverse_vol,6月50%+12月50%｜月初第3日 Top2｜2/3指数低于MA120空仓｜流动性20%+趋势质量5%｜inverse_vol,m612_50_50,month_start_3,majority_below_ma120,liq20_trend5,inverse_vol,1.0,2023-01-03,1.7101870809008966,0.3282141689360092,-0.16733278834753973,1.2616482586193107,0.42,50,"{""2023"": 0.05432542240227378, ""2024"": 0.03784847025549709, ""2025"": 0.5318784825646383, ""2026"": 0.6414011392750698}"
stress,m612_50_50_month_start_3_top2_majority_below_ma120_liq20_trend5_inverse_vol,6月50%+12月50%｜月初第3日 Top2｜2/3指数低于MA120空仓｜流动性20%+趋势质量5%｜inverse_vol,m612_50_50,month_start_3,majority_below_ma120,liq20_trend5,inverse_vol,2.0,2023-01-03,1.6515919129580503,0.319975038799565,-0.16833047779046617,1.2365470161435124,0.42,50,"{""2023"": 0.04990653042950988, ""2024"": 0.03024993332660042, ""2025"": 0.5217196196286227, ""2026"": 0.6354246881523307}"
stress,m612_60_40_month_start_3_top2_majority_below_ma120_liq20_trend0_equal,6月60%+12月40%｜月初第3日 Top2｜2/3指数低于MA120空仓｜流动性20%｜equal,m612_60_40,month_start_3,majority_below_ma120,liq20_trend0,equal,1.0,2021-07-10,2.110638350899914,0.25529451864289365,-0.16875131625752393,1.1141573028854428,0.34706209189745196,62,"{""2021"": 0.07730807136043816, ""2022"": 0.061367994249649005, ""2023"": 0.05712052477460694, ""2024"": 0.04439384984897421, ""2025"": 0.5478282408544315, ""2026"": 0.6169844331488488}"
stress,m612_60_40_month_start_3_top2_majority_below_ma120_liq20_trend0_equal,6月60%+12月40%｜月初第3日 Top2｜2/3指数低于MA120空仓｜流动性20%｜equal,m612_60_40,month_start_3,majority_below_ma120,liq20_trend0,equal,2.0,2021-07-10,2.0262092195142962,0.2483928050334887,-0.16963903297885707,1.0897968783212157,0.3470766385774559,62,"{""2021"": 0.07506190195622753, ""2022"": 0.05691958542796649, ""2023"": 0.05268991796013056, ""2024"": 0.0367473913689258, ""2025"": 0.5381039190237267, ""2026"": 0.6115419023447031}"
stress,m612_60_40_month_start_3_top2_majority_below_ma120_liq20_trend0_equal,6月60%+12月40%｜月初第3日 Top2｜2/3指数低于MA120空仓｜流动性20%｜equal,m612_60_40,month_start_3,majority_below_ma120,liq20_trend0,equal,1.0,2022-01-04,1.8874176603650246,0.2651026478513909,-0.16875131625752404,1.156173565160741,0.3498168498168498,56,"{""2022"": 0.061367994249649005, ""2023"": 0.05712052477460672, ""2024"": 0.04439384984897443, ""2025"": 0.5478282408544315, ""2026"": 0.6169844331488483}"
stress,m612_60_40_month_start_3_top2_majority_below_ma120_liq20_trend0_equal,6月60%+12月40%｜月初第3日 Top2｜2/3指数低于MA120空仓｜流动性20%｜equal,m612_60_40,month_start_3,majority_below_ma120,liq20_trend0,equal,2.0,2022-01-04,1.8149162518062272,0.2579881286917083,-0.16963903297885718,1.13100562035863,0.3498168498168498,56,"{""2022"": 0.05691958542796649, ""2023"": 0.05268991796013056, ""2024"": 0.03674739136892602, ""2025"": 0.5381039190237269, ""2026"": 0.6115419023447028}"
stress,m612_60_40_month_start_3_top2_majority_below_ma120_liq20_trend0_equal,6月60%+12月40%｜月初第3日 Top2｜2/3指数低于MA120空仓｜流动性20%｜equal,m612_60_40,month_start_3,majority_below_ma120,liq20_trend0,equal,1.0,2023-01-03,1.7204679960283995,0.3296466069145785,-0.16875131625752393,1.2590718884489869,0.42,48,"{""2023"": 0.05712052477460672, ""2024"": 0.044393849848974654, ""2025"": 0.5478282408544313, ""2026"": 0.6169844331488485}"
stress,m612_60_40_month_start_3_top2_majority_below_ma120_liq20_trend0_equal,6月60%+12月40%｜月初第3日 Top2｜2/3指数低于MA120空仓｜流动性20%｜equal,m612_60_40,month_start_3,majority_below_ma120,liq20_trend0,equal,2.0,2023-01-03,1.6633211179130662,0.32163464587222124,-0.16963903297885718,1.2348488093429033,0.42,48,"{""2023"": 0.05268991796013056, ""2024"": 0.0367473913689258, ""2025"": 0.5381039190237269, ""2026"": 0.6115419023447028}"
stress,m612_60_40_month_start_3_top2_majority_below_ma120_liq20_trend0_inverse_vol,6月60%+12月40%｜月初第3日 Top2｜2/3指数低于MA120空仓｜流动性20%｜inverse_vol,m612_60_40,month_start_3,majority_below_ma120,liq20_trend0,inverse_vol,1.0,2021-07-10,2.107842847660481,0.25506841072472786,-0.16733278834753962,1.1187666713320408,0.34703766633266564,64,"{""2021"": 0.08422642059786134, ""2022"": 0.057644689777054836, ""2023"": 0.054325422402274226, ""2024"": 0.03784847025549687, ""2025"": 0.5318784825646379, ""2026"": 0.6414011392750698}"
stress,m612_60_40_month_start_3_top2_majority_below_ma120_liq20_trend0_inverse_vol,6月60%+12月40%｜月初第3日 Top2｜2/3指数低于MA120空仓｜流动性20%｜inverse_vol,m612_60_40,month_start_3,majority_below_ma120,liq20_trend0,inverse_vol,2.0,2021-07-10,2.0214123543656237,0.24799608074885682,-0.16833047779046595,1.0936568776883615,0.3470530948913192,64,"{""2021"": 0.08190110201867284, ""2022"": 0.05321188608059879, ""2023"": 0.049906530429509655, ""2024"": 0.03024993332660042, ""2025"": 0.5217196196286227, ""2026"": 0.6354246881523309}"
stress,m612_60_40_month_start_3_top2_majority_below_ma120_liq20_trend0_inverse_vol,6月60%+12月40%｜月初第3日 Top2｜2/3指数低于MA120空仓｜流动性20%｜inverse_vol,m612_60_40,month_start_3,majority_below_ma120,liq20_trend0,inverse_vol,1.0,2022-01-04,1.8664149744172125,0.26305610701669924,-0.16733278834753962,1.1550309254552373,0.3498168498168498,58,"{""2022"": 0.05764468977705506, ""2023"": 0.05432542240227445, ""2024"": 0.03784847025549687, ""2025"": 0.5318784825646381, ""2026"": 0.6414011392750705}"
stress,m612_60_40_month_start_3_top2_majority_below_ma120_liq20_trend0_inverse_vol,6月60%+12月40%｜月初第3日 Top2｜2/3指数低于MA120空仓｜流动性20%｜inverse_vol,m612_60_40,month_start_3,majority_below_ma120,liq20_trend0,inverse_vol,2.0,2022-01-04,1.7926881197626106,0.2557783472563486,-0.16833047779046617,1.129085850270498,0.3498168498168498,58,"{""2022"": 0.05321188608059879, ""2023"": 0.04990653042950988, ""2024"": 0.030249933326600642, ""2025"": 0.5217196196286222, ""2026"": 0.6354246881523309}"
stress,m612_60_40_month_start_3_top2_majority_below_ma120_liq20_trend0_inverse_vol,6月60%+12月40%｜月初第3日 Top2｜2/3指数低于MA120空仓｜流动性20%｜inverse_vol,m612_60_40,month_start_3,majority_below_ma120,liq20_trend0,inverse_vol,1.0,2023-01-03,1.7101870809008966,0.3282141689360092,-0.16733278834753973,1.2616482586193107,0.42,50,"{""2023"": 0.05432542240227378, ""2024"": 0.03784847025549709, ""2025"": 0.5318784825646383, ""2026"": 0.6414011392750698}"
stress,m612_60_40_month_start_3_top2_majority_below_ma120_liq20_trend0_inverse_vol,6月60%+12月40%｜月初第3日 Top2｜2/3指数低于MA120空仓｜流动性20%｜inverse_vol,m612_60_40,month_start_3,majority_below_ma120,liq20_trend0,inverse_vol,2.0,2023-01-03,1.6515919129580503,0.319975038799565,-0.16833047779046617,1.2365470161435124,0.42,50,"{""2023"": 0.04990653042950988, ""2024"": 0.03024993332660042, ""2025"": 0.5217196196286227, ""2026"": 0.6354246881523307}"
