id,label,selected_by_train,offensive_scheme,offensive_top_n,fast_crash_5d,defensive_pool,defensive_filter,defensive_top_n,fee_mult,full_return,full_cagr,full_max_drawdown,full_sharpe,train_return,train_cagr,train_max_drawdown,oos_return,oos_cagr,oos_max_drawdown,oos_sharpe,trades
top2_equal_fastoff_overseas_ma120_ret6_deftop1,进攻top2_equal｜无紧急闸门｜弱市纳指+标普 Top1｜MA120+6月正,False,top2_equal,2,0.0,overseas,ma120_ret6,1,1.0,3.3607146358617674,0.3429793011679434,-0.23427042470162707,1.2035168173312227,0.45435738191992536,0.1641725928369402,-0.23427042470162707,1.9983790023502364,0.5435102877136593,-0.20980381261366787,1.4874687163377405,118
top2_equal_fastoff_overseas_ma120_ret6_deftop2,进攻top2_equal｜无紧急闸门｜弱市纳指+标普 Top2｜MA120+6月正,False,top2_equal,2,0.0,overseas,ma120_ret6,2,1.0,3.4467876875396612,0.3482460567396901,-0.22330247845901585,1.2232609080795875,0.4653500665845245,0.1677356707815325,-0.22330247845901585,2.034624823749009,0.5508591340841213,-0.20980381261366798,1.4995937071204375,108
top2_equal_fastoff_overseas_ma200_ret12_deftop1,进攻top2_equal｜无紧急闸门｜弱市纳指+标普 Top1｜MA200+12月正,True,top2_equal,2,0.0,overseas,ma200_ret12,1,1.0,4.267772340805841,0.39477268136583277,-0.20980381261366787,1.3438902125179368,0.6622548696535093,0.22904121905607866,-0.14818862238322472,2.169052133325312,0.5776602451067165,-0.20980381261366787,1.5509133430877935,118
top2_equal_fastoff_overseas_ma200_ret12_deftop2,进攻top2_equal｜无紧急闸门｜弱市纳指+标普 Top2｜MA200+12月正,True,top2_equal,2,0.0,overseas,ma200_ret12,2,1.0,4.428641331353221,0.4031997085599841,-0.20980381261366798,1.3736057708427296,0.6922126768129415,0.23798285892662396,-0.12932804270232467,2.2080136295736468,0.5852991510174257,-0.20980381261366798,1.5632381081563989,104
top2_equal_fastoff_overseas_gold_ma120_ret6_deftop1,进攻top2_equal｜无紧急闸门｜弱市纳指+标普+黄金 Top1｜MA120+6月正,False,top2_equal,2,0.0,overseas_gold,ma120_ret6,1,1.0,2.735234620993575,0.30198138239779304,-0.20980381261366787,1.090880742732457,0.4110755628772411,0.14998581896830943,-0.1665796719587701,1.6470833449750049,0.4693211976228764,-0.20980381261366787,1.338581057744039,134
top2_equal_fastoff_overseas_gold_ma120_ret6_deftop2,进攻top2_equal｜无紧急闸门｜弱市纳指+标普+黄金 Top2｜MA120+6月正,False,top2_equal,2,0.0,overseas_gold,ma120_ret6,2,1.0,2.8845778017450106,0.3122426899451496,-0.20980381261366798,1.1257544975270954,0.39807105149990507,0.14567284087030474,-0.19000612783662096,1.778526740524013,0.49774005822640155,-0.20980381261366798,1.396917704964726,131
top2_equal_fastoff_overseas_gold_ma200_ret12_deftop1,进攻top2_equal｜无紧急闸门｜弱市纳指+标普+黄金 Top1｜MA200+12月正,False,top2_equal,2,0.0,overseas_gold,ma200_ret12,1,1.0,3.0891809804621824,0.32580045446108397,-0.20980381261366776,1.1560478609534128,0.5447873933492622,0.1930241109445192,-0.14818862238322472,1.6470833449750044,0.4693211976228764,-0.20980381261366776,1.3385810577440385,136
top2_equal_fastoff_overseas_gold_ma200_ret12_deftop2,进攻top2_equal｜无紧急闸门｜弱市纳指+标普+黄金 Top2｜MA200+12月正,True,top2_equal,2,0.0,overseas_gold,ma200_ret12,2,1.0,3.644958155349342,0.3600689084101958,-0.20980381261366787,1.2564051054600687,0.6094180355997625,0.21303439126066692,-0.12932804270232467,1.886110415444898,0.5204009040250988,-0.20980381261366787,1.4421789495602644,132
top2_equal_fastm5_overseas_ma120_ret6_deftop1,进攻top2_equal｜2/4指数5日<= -5%｜弱市纳指+标普 Top1｜MA120+6月正,False,top2_equal,2,-0.05,overseas,ma120_ret6,1,1.0,1.6548559109522745,0.2159418507137214,-0.3118388120015856,0.9141933201275029,0.427485466099895,0.15539463421192967,-0.23427042470162707,0.8598129185901557,0.27796540876149467,-0.3118388120015856,0.9906630846056661,173
top2_equal_fastm5_overseas_ma120_ret6_deftop2,进攻top2_equal｜2/4指数5日<= -5%｜弱市纳指+标普 Top2｜MA120+6月正,False,top2_equal,2,-0.05,overseas,ma120_ret6,2,1.0,1.7149100635528622,0.22140052266623456,-0.3013299324842109,0.9382134648079523,0.4255313836291903,0.15475249976900973,-0.22330247845901585,0.9044898588210004,0.2900137101262865,-0.3013299324842109,1.0221191743393796,179
top2_equal_fastm5_overseas_ma200_ret12_deftop1,进攻top2_equal｜2/4指数5日<= -5%｜弱市纳指+标普 Top1｜MA200+12月正,False,top2_equal,2,-0.05,overseas,ma200_ret12,1,1.0,2.1062471201792454,0.2547830413648904,-0.3118388120015849,1.0429318486917531,0.6002438052717041,0.21022340526404482,-0.14818862238322472,0.9411086672832571,0.2997620746573175,-0.3118388120015849,1.0439758532960228,173
top2_equal_fastm5_overseas_ma200_ret12_deftop2,进攻top2_equal｜2/4指数5日<= -5%｜弱市纳指+标普 Top2｜MA200+12月正,True,top2_equal,2,-0.05,overseas,ma200_ret12,2,1.0,2.2237262253091674,0.26414545553861046,-0.3013299324842108,1.081665413675818,0.6290840247841296,0.21902813995071968,-0.12932804270232467,0.9788581658557143,0.30969572005784696,-0.3013299324842108,1.0696231737847768,174
top2_equal_fastm5_overseas_gold_ma120_ret6_deftop1,进攻top2_equal｜2/4指数5日<= -5%｜弱市纳指+标普+黄金 Top1｜MA120+6月正,False,top2_equal,2,-0.05,overseas_gold,ma120_ret6,1,1.0,1.1202055109398006,0.16240136875140587,-0.360921179667252,0.727883142643167,0.3627054310916533,0.13382180886679618,-0.1665796719587701,0.5558795485546126,0.1909310158454558,-0.360921179667252,0.7441363544642075,191
top2_equal_fastm5_overseas_gold_ma120_ret6_deftop2,进攻top2_equal｜2/4指数5日<= -5%｜弱市纳指+标普+黄金 Top2｜MA120+6月正,False,top2_equal,2,-0.05,overseas_gold,ma120_ret6,2,1.0,1.4031873384046238,0.19193197321982614,-0.3125611844468459,0.8393485760417015,0.36118130372883894,0.13330698797597051,-0.19000612783662096,0.765515976322404,0.25194843127385114,-0.3125611844468459,0.9210070261053146,207
top2_equal_fastm5_overseas_gold_ma200_ret12_deftop1,进攻top2_equal｜2/4指数5日<= -5%｜弱市纳指+标普+黄金 Top1｜MA200+12月正,False,top2_equal,2,-0.05,overseas_gold,ma200_ret12,1,1.0,1.4523818353118365,0.19677837621583594,-0.36092117966725257,0.8414599955853345,0.49183376580244365,0.1762551617430792,-0.14818862238322472,0.6438707123596461,0.2171127252905436,-0.36092117966725257,0.8148911224422897,195
top2_equal_fastm5_overseas_gold_ma200_ret12_deftop2,进攻top2_equal｜2/4指数5日<= -5%｜弱市纳指+标普+黄金 Top2｜MA200+12月正,False,top2_equal,2,-0.05,overseas_gold,ma200_ret12,2,1.0,1.9992758796432297,0.24600839372004613,-0.3125611844468459,1.0168037555083818,0.5524819830937142,0.19543219839067283,-0.12932804270232467,0.9319231477755459,0.2973273015543667,-0.3125611844468459,1.0380123293052905,211
top2_equal_fastm7_overseas_ma120_ret6_deftop1,进攻top2_equal｜2/4指数5日<= -7%｜弱市纳指+标普 Top1｜MA120+6月正,False,top2_equal,2,-0.07,overseas,ma120_ret6,1,1.0,2.3035365015276548,0.2703513679038818,-0.2438761595643213,1.043748025933064,0.45435738191992536,0.1641725928369402,-0.23427042470162707,1.2714750463648712,0.38307510493323393,-0.2438761595643213,1.2200159665195236,144
top2_equal_fastm7_overseas_ma120_ret6_deftop2,进攻top2_equal｜2/4指数5日<= -7%｜弱市纳指+标普 Top2｜MA120+6月正,False,top2_equal,2,-0.07,overseas,ma120_ret6,2,1.0,2.3999137981825376,0.27768765872417256,-0.2344428397834999,1.0716637068083565,0.4653500665845245,0.1677356707815325,-0.22330247845901585,1.320205850952151,0.3947288492776493,-0.2344428397834999,1.2464883601805026,141
top2_equal_fastm7_overseas_ma200_ret12_deftop1,进攻top2_equal｜2/4指数5日<= -7%｜弱市纳指+标普 Top1｜MA200+12月正,True,top2_equal,2,-0.07,overseas,ma200_ret12,1,1.0,2.990694109281206,0.31934377703895533,-0.24387615956432096,1.1912682466207614,0.6622548696535093,0.22904121905607866,-0.14818862238322472,1.4007714954765338,0.4136754554983293,-0.24387615956432096,1.2887028683910347,144
top2_equal_fastm7_overseas_ma200_ret12_deftop2,进攻top2_equal｜2/4指数5日<= -7%｜弱市纳指+标普 Top2｜MA200+12月正,True,top2_equal,2,-0.07,overseas,ma200_ret12,2,1.0,3.15061699922619,0.32976539511481673,-0.23444283978349967,1.2298936079262384,0.6922126768129415,0.23798285892662396,-0.12932804270232467,1.4527750300531537,0.4257016721026299,-0.23444283978349967,1.315394316753158,137
top2_equal_fastm7_overseas_gold_ma120_ret6_deftop1,进攻top2_equal｜2/4指数5日<= -7%｜弱市纳指+标普+黄金 Top1｜MA120+6月正,False,top2_equal,2,-0.07,overseas_gold,ma120_ret6,1,1.0,2.1427570069941284,0.25772256426952733,-0.2506738143852252,1.0026569789286033,0.4110755628772411,0.14998581896830943,-0.1665796719587701,1.2272067419167247,0.37235676880421087,-0.2506738143852252,1.1917727927133213,162
top2_equal_fastm7_overseas_gold_ma120_ret6_deftop2,进攻top2_equal｜2/4指数5日<= -7%｜弱市纳指+标普+黄金 Top2｜MA120+6月正,False,top2_equal,2,-0.07,overseas_gold,ma120_ret6,2,1.0,2.298654350153171,0.2699752030776652,-0.21910766190415443,1.046744461501001,0.39807105149990507,0.14567284087030474,-0.19000612783662096,1.359432552883665,0.40400264596035895,-0.21910766190415443,1.267432246967674,166
top2_equal_fastm7_overseas_gold_ma200_ret12_deftop1,进攻top2_equal｜2/4指数5日<= -7%｜弱市纳指+标普+黄金 Top1｜MA200+12月正,False,top2_equal,2,-0.07,overseas_gold,ma200_ret12,1,1.0,2.6351382717306047,0.2949186130203294,-0.2506738143852253,1.1101757229972817,0.5447873933492622,0.1930241109445192,-0.14818862238322472,1.3531641230248783,0.40252698496095873,-0.2506738143852253,1.258522227011957,166
top2_equal_fastm7_overseas_gold_ma200_ret12_deftop2,进攻top2_equal｜2/4指数5日<= -7%｜弱市纳指+标普+黄金 Top2｜MA200+12月正,True,top2_equal,2,-0.07,overseas_gold,ma200_ret12,2,1.0,3.1674123847369877,0.3308411569680063,-0.21910766190415432,1.2233655295422083,0.6094180355997625,0.21303439126066692,-0.12932804270232467,1.5893908807750923,0.45657817116922295,-0.21910766190415432,1.3823799634228913,169
top2_equal_fastm9_overseas_ma120_ret6_deftop1,进攻top2_equal｜2/4指数5日<= -9%｜弱市纳指+标普 Top1｜MA120+6月正,False,top2_equal,2,-0.09,overseas,ma120_ret6,1,1.0,2.392819426316065,0.2771533419481669,-0.24963740997945238,1.0550224329059577,0.45435738191992536,0.1641725928369402,-0.23427042470162707,1.332864994872951,0.3977319570370592,-0.24963740997945238,1.2391803459960073,131
top2_equal_fastm9_overseas_ma120_ret6_deftop2,进攻top2_equal｜2/4指数5日<= -9%｜弱市纳指+标普 Top2｜MA120+6月正,False,top2_equal,2,-0.09,overseas,ma120_ret6,2,1.0,2.478980468856428,0.28358306927306365,-0.24306547714407056,1.0794022556155645,0.4653500665845245,0.1677356707815325,-0.22330247845901585,1.3741633812904004,0.40746114706368664,-0.24306547714407056,1.2598450969488952,124
top2_equal_fastm9_overseas_ma200_ret12_deftop1,进攻top2_equal｜2/4指数5日<= -9%｜弱市纳指+标普 Top1｜MA200+12月正,True,top2_equal,2,-0.09,overseas,ma200_ret12,1,1.0,3.09854847742508,0.3264080762192012,-0.24963740997945238,1.2008612772154785,0.6622548696535093,0.22904121905607866,-0.14818862238322472,1.4656558703776916,0.42865658848246047,-0.24963740997945238,1.3067645007899664,131
top2_equal_fastm9_overseas_ma200_ret12_deftop2,进攻top2_equal｜2/4指数5日<= -9%｜弱市纳指+标普 Top2｜MA200+12月正,True,top2_equal,2,-0.09,overseas,ma200_ret12,2,1.0,3.247141642747067,0.33590109884833974,-0.24306547714407034,1.2356831622559523,0.6922126768129415,0.23798285892662396,-0.12932804270232467,1.5098155219744576,0.4387167167492392,-0.24306547714407034,1.3276138427631794,120
top2_equal_fastm9_overseas_gold_ma120_ret6_deftop1,进攻top2_equal｜2/4指数5日<= -9%｜弱市纳指+标普+黄金 Top1｜MA120+6月正,False,top2_equal,2,-0.09,overseas_gold,ma120_ret6,1,1.0,2.137020968015254,0.25726255272545817,-0.26664834409246196,0.9946315125261567,0.4110755628772411,0.14998581896830943,-0.1665796719587701,1.223141729999731,0.3713661047530856,-0.26664834409246196,1.1778861319730194,149
top2_equal_fastm9_overseas_gold_ma120_ret6_deftop2,进攻top2_equal｜2/4指数5日<= -9%｜弱市纳指+标普+黄金 Top2｜MA120+6月正,False,top2_equal,2,-0.09,overseas_gold,ma120_ret6,2,1.0,2.2805440735256894,0.2685759236228884,-0.23856124497972842,1.0349552879260788,0.39807105149990507,0.14567284087030474,-0.19000612783662096,1.3464787930528952,0.40095055903338106,-0.23856124497972842,1.2471090950832038,149
top2_equal_fastm9_overseas_gold_ma200_ret12_deftop1,进攻top2_equal｜2/4指数5日<= -9%｜弱市纳指+标普+黄金 Top1｜MA200+12月正,False,top2_equal,2,-0.09,overseas_gold,ma200_ret12,1,1.0,2.4342813181322516,0.2802635170638983,-0.2666483440924622,1.0624858956287953,0.5447873933492622,0.1930241109445192,-0.14818862238322472,1.2231417299997296,0.3713661047530854,-0.2666483440924622,1.1778861319730176,151
top2_equal_fastm9_overseas_gold_ma200_ret12_deftop2,进攻top2_equal｜2/4指数5日<= -9%｜弱市纳指+标普+黄金 Top2｜MA200+12月正,True,top2_equal,2,-0.09,overseas_gold,ma200_ret12,2,1.0,2.9226888290050397,0.3148106557555719,-0.2385612449797283,1.171094428477981,0.6094180355997625,0.21303439126066692,-0.12932804270232467,1.43733370835702,0.42214697720720507,-0.2385612449797283,1.2950652437167205,150
top3_45_45_10_fastoff_overseas_ma120_ret6_deftop1,进攻top3_45_45_10｜无紧急闸门｜弱市纳指+标普 Top1｜MA120+6月正,False,top3_45_45_10,3,0.0,overseas,ma120_ret6,1,1.0,2.940714049916611,0.31601827158781703,-0.24479479295240603,1.159181428227284,0.3724797140858689,0.13711526998428814,-0.24479479295240603,1.8712366452288864,0.51729875570241,-0.19927627609543852,1.4698910594779413,178
top3_45_45_10_fastoff_overseas_ma120_ret6_deftop2,进攻top3_45_45_10｜无紧急闸门｜弱市纳指+标普 Top2｜MA120+6月正,False,top3_45_45_10,3,0.0,overseas,ma120_ret6,2,1.0,3.017559241916329,0.3211175496734686,-0.22825988807921693,1.1795084490149454,0.3828534317024257,0.1405955029008299,-0.22825988807921693,1.9052675792042013,0.5243822072162059,-0.1992762760954382,1.482254336736011,183
top3_45_45_10_fastoff_overseas_ma200_ret12_deftop1,进攻top3_45_45_10｜无紧急闸门｜弱市纳指+标普 Top1｜MA200+12月正,False,top3_45_45_10,3,0.0,overseas,ma200_ret12,1,1.0,3.76026612485472,0.3667636669888017,-0.1992762760954383,1.304206940206021,0.5686729524679526,0.20047624057451152,-0.1544995628429684,2.0345816298837285,0.5508504081980576,-0.1992762760954383,1.5351836109569108,178
top3_45_45_10_fastoff_overseas_ma200_ret12_deftop2,进攻top3_45_45_10｜无紧急闸门｜弱市纳指+标普 Top2｜MA200+12月正,False,top3_45_45_10,3,0.0,overseas,ma200_ret12,2,1.0,3.9045398972682,0.3749598994973844,-0.1992762760954384,1.3348312818223316,0.5969440430530104,0.20921001667048778,-0.12932804270232467,2.071203351553749,0.5582218206235718,-0.1992762760954384,1.5475902149879537,179
top3_45_45_10_fastoff_overseas_gold_ma120_ret6_deftop1,进攻top3_45_45_10｜无紧急闸门｜弱市纳指+标普+黄金 Top1｜MA120+6月正,False,top3_45_45_10,3,0.0,overseas_gold,ma120_ret6,1,1.0,2.3756511391210413,0.2758565950586782,-0.1992762760954383,1.0427924740189543,0.3316841941873798,0.12327520379746337,-0.17800377457677174,1.534873623833112,0.4443777264137081,-0.1992762760954383,1.3162966481150373,194
top3_45_45_10_fastoff_overseas_gold_ma120_ret6_deftop2,进攻top3_45_45_10｜无紧急闸门｜弱市纳指+标普+黄金 Top2｜MA120+6月正,False,top3_45_45_10,3,0.0,overseas_gold,ma120_ret6,2,1.0,2.509180698225612,0.2858066110332309,-0.1992762760954384,1.0785185960174364,0.319411526368065,0.11906246153745448,-0.19514607261471384,1.6596559360712195,0.4720758679664363,-0.1992762760954384,1.3760952475290171,207
top3_45_45_10_fastoff_overseas_gold_ma200_ret12_deftop1,进攻top3_45_45_10｜无紧急闸门｜弱市纳指+标普+黄金 Top1｜MA200+12月正,False,top3_45_45_10,3,0.0,overseas_gold,ma200_ret12,1,1.0,2.6955395013187733,0.29919883318637064,-0.1992762760954382,1.1101177800775504,0.45787918836386043,0.16531585883250988,-0.1544995628429684,1.534873623833111,0.4443777264137079,-0.1992762760954382,1.3162966481150349,196
top3_45_45_10_fastoff_overseas_gold_ma200_ret12_deftop2,进攻top3_45_45_10｜无紧急闸门｜弱市纳指+标普+黄金 Top2｜MA200+12月正,False,top3_45_45_10,3,0.0,overseas_gold,ma200_ret12,2,1.0,3.1960973871263203,0.33267046964439295,-0.1992762760954384,1.2135908489411054,0.5188739711382764,0.18486145804985354,-0.12932804270232467,1.762636971112011,0.4943484139030603,-0.1992762760954384,1.4227819170551033,208
top3_45_45_10_fastm5_overseas_ma120_ret6_deftop1,进攻top3_45_45_10｜2/4指数5日<= -5%｜弱市纳指+标普 Top1｜MA120+6月正,False,top3_45_45_10,3,-0.05,overseas,ma120_ret6,1,1.0,1.409773401714991,0.19258537410601062,-0.30928482392382084,0.8531095529839375,0.35321370867384494,0.13061009645013089,-0.24479479295240603,0.7807781478038518,0.25621538556388623,-0.30928482392382084,0.9488736356449309,247
top3_45_45_10_fastm5_overseas_ma120_ret6_deftop2,进攻top3_45_45_10｜2/4指数5日<= -5%｜弱市纳指+标普 Top2｜MA120+6月正,False,top3_45_45_10,3,-0.05,overseas,ma120_ret6,2,1.0,1.4633557600519689,0.19784885307926636,-0.29864049392248104,0.8773019364847612,0.3513612966878499,0.12998173652621703,-0.22825988807921693,0.8228698469384816,0.2678698691143151,-0.29864049392248104,0.9808326966800383,268
top3_45_45_10_fastm5_overseas_ma200_ret12_deftop1,进攻top3_45_45_10｜2/4指数5日<= -5%｜弱市纳指+标普 Top1｜MA200+12月正,False,top3_45_45_10,3,-0.05,overseas,ma200_ret12,1,1.0,1.8196466821617188,0.23069378154887987,-0.3092848239238214,0.9854436445224138,0.5169838583972495,0.18426285091199324,-0.1544995628429684,0.8587189748615927,0.2776682145615865,-0.3092848239238214,1.0037455262500956,247
top3_45_45_10_fastm5_overseas_ma200_ret12_deftop2,进攻top3_45_45_10｜2/4指数5日<= -5%｜弱市纳指+标普 Top2｜MA200+12月正,False,top3_45_45_10,3,-0.05,overseas,ma200_ret12,2,1.0,1.9252132909275654,0.23978538823737572,-0.29864049392248093,1.0247250617235855,0.5443235345946233,0.19287871485596475,-0.12932804270232467,0.8941712830242003,0.2872463441210735,-0.29864049392248093,1.029613081398762,263
top3_45_45_10_fastm5_overseas_gold_ma120_ret6_deftop1,进攻top3_45_45_10｜2/4指数5日<= -5%｜弱市纳指+标普+黄金 Top1｜MA120+6月正,False,top3_45_45_10,3,-0.05,overseas_gold,ma120_ret6,1,1.0,0.9247310927771388,0.140103212795345,-0.36044037517386174,0.6620815611803837,0.29185229250440803,0.10951680816149834,-0.17800377457677174,0.4899002803531205,0.17070559149004416,-0.36044037517386174,0.6962062080622544,265
top3_45_45_10_fastm5_overseas_gold_ma120_ret6_deftop2,进攻top3_45_45_10｜2/4指数5日<= -5%｜弱市纳指+标普+黄金 Top2｜MA120+6月正,False,top3_45_45_10,3,-0.05,overseas_gold,ma120_ret6,2,1.0,1.1804353330690174,0.16893985019537405,-0.31164542782042703,0.7753892213664475,0.290407411327011,0.10901302315128159,-0.19514607261471384,0.6897262941373934,0.23042184439975877,-0.31164542782042703,0.8766847417011171,297
top3_45_45_10_fastm5_overseas_gold_ma200_ret12_deftop1,进攻top3_45_45_10｜2/4指数5日<= -5%｜弱市纳指+标普+黄金 Top1｜MA200+12月正,False,top3_45_45_10,3,-0.05,overseas_gold,ma200_ret12,1,1.0,1.2262929865468646,0.17382192151885545,-0.36044037517386196,0.778974044228678,0.41427267808910617,0.15104252975653676,-0.1544995628429684,0.5741610659939491,0.19644296426233843,-0.36044037517386196,0.7689416381281147,269
top3_45_45_10_fastm5_overseas_gold_ma200_ret12_deftop2,进攻top3_45_45_10｜2/4指数5日<= -5%｜弱市纳指+标普+黄金 Top2｜MA200+12月正,False,top3_45_45_10,3,-0.05,overseas_gold,ma200_ret12,2,1.0,1.7212855972060543,0.2219743446031337,-0.31164542782042726,0.9581368916776457,0.47176776812932686,0.16980851310267475,-0.12932804270232467,0.8489911629637823,0.27502077296127325,-0.31164542782042726,0.9969711831792367,301
top3_45_45_10_fastm7_overseas_ma120_ret6_deftop1,进攻top3_45_45_10｜2/4指数5日<= -7%｜弱市纳指+标普 Top1｜MA120+6月正,False,top3_45_45_10,3,-0.07,overseas,ma120_ret6,1,1.0,1.9768116888845362,0.2441339804142324,-0.24479479295240603,0.9873029411012222,0.3724797140858689,0.13711526998428814,-0.24479479295240603,1.1689294627332414,0.3580482420468851,-0.2443778247834466,1.184924856692218,213
top3_45_45_10_fastm7_overseas_ma120_ret6_deftop2,进攻top3_45_45_10｜2/4指数5日<= -7%｜弱市纳指+标普 Top2｜MA120+6月正,False,top3_45_45_10,3,-0.07,overseas,ma120_ret6,2,1.0,2.06294178959438,0.2512603538987268,-0.23489576320268502,1.0158702805700968,0.3828534317024257,0.1405955029008299,-0.22825988807921693,1.214943188753998,0.36936474097262106,-0.23489576320268502,1.2120450662554667,225
top3_45_45_10_fastm7_overseas_ma200_ret12_deftop1,进攻top3_45_45_10｜2/4指数5日<= -7%｜弱市纳指+标普 Top1｜MA200+12月正,False,top3_45_45_10,3,-0.07,overseas,ma200_ret12,1,1.0,2.5959005429988813,0.2921075313222832,-0.24437782478344672,1.1394496031365355,0.5686729524679526,0.20047624057451152,-0.1544995628429684,1.2923201023779645,0.38807842531527714,-0.24437782478344672,1.2555409989571613,213
top3_45_45_10_fastm7_overseas_ma200_ret12_deftop2,进攻top3_45_45_10｜2/4指数5日<= -7%｜弱市纳指+标普 Top2｜MA200+12月正,False,top3_45_45_10,3,-0.07,overseas,ma200_ret12,2,1.0,2.7391658098084086,0.30225566198296216,-0.2348957632026849,1.1790652157298527,0.5969440430530104,0.20921001667048778,-0.12932804270232467,1.3414507390377532,0.3997631346345545,-0.2348957632026849,1.2827383547821305,221
top3_45_45_10_fastm7_overseas_gold_ma120_ret6_deftop1,进攻top3_45_45_10｜2/4指数5日<= -7%｜弱市纳指+标普+黄金 Top1｜MA120+6月正,False,top3_45_45_10,3,-0.07,overseas_gold,ma120_ret6,1,1.0,1.832079941931652,0.23177856058897084,-0.2580872072051743,0.9449881137811836,0.3316841941873798,0.12327520379746337,-0.17800377457677174,1.1266903626950708,0.3475315482695218,-0.2580872072051743,1.1557657615673056,231
top3_45_45_10_fastm7_overseas_gold_ma120_ret6_deftop2,进攻top3_45_45_10｜2/4指数5日<= -7%｜弱市纳指+标普+黄金 Top2｜MA120+6月正,False,top3_45_45_10,3,-0.07,overseas_gold,ma120_ret6,2,1.0,1.971349214239818,0.24367648207300618,-0.2264424840044731,0.98999885453141,0.319411526368065,0.11906246153745448,-0.19514607261471384,1.2520261153235719,0.3783817887842711,-0.2264424840044731,1.2332059696784428,251
top3_45_45_10_fastm7_overseas_gold_ma200_ret12_deftop1,进攻top3_45_45_10｜2/4指数5日<= -7%｜弱市纳指+标普+黄金 Top1｜MA200+12月正,False,top3_45_45_10,3,-0.07,overseas_gold,ma200_ret12,1,1.0,2.2758029086365137,0.2682085802838805,-0.258087207205175,1.0560301270864723,0.45787918836386043,0.16531585883250988,-0.1544995628429684,1.2469645871773927,0.37715635063857644,-0.258087207205175,1.2245058837108118,235
top3_45_45_10_fastm7_overseas_gold_ma200_ret12_deftop2,进攻top3_45_45_10｜2/4指数5日<= -7%｜弱市纳指+标普+黄金 Top2｜MA200+12月正,False,top3_45_45_10,3,-0.07,overseas_gold,ma200_ret12,2,1.0,2.7539241073363647,0.3032832968193855,-0.22644248400447342,1.172445680869879,0.5188739711382764,0.18486145804985354,-0.12932804270232467,1.471517834045898,0.42999825586674145,-0.22644248400447342,1.3515481099341622,254
top3_45_45_10_fastm9_overseas_ma120_ret6_deftop1,进攻top3_45_45_10｜2/4指数5日<= -9%｜弱市纳指+标普 Top1｜MA120+6月正,False,top3_45_45_10,3,-0.09,overseas,ma120_ret6,1,1.0,2.076857379872854,0.2523966418498178,-0.25068439405275567,1.005461513499125,0.3724797140858689,0.13711526998428814,-0.24479479295240603,1.2418235754560314,0.37590995887899314,-0.25068439405275567,1.2152644349353308,194
top3_45_45_10_fastm9_overseas_ma120_ret6_deftop2,进攻top3_45_45_10｜2/4指数5日<= -9%｜弱市纳指+标普 Top2｜MA120+6月正,False,top3_45_45_10,3,-0.09,overseas,ma120_ret6,2,1.0,2.154258272488127,0.2586429088377016,-0.24406719323159887,1.0304807062672168,0.3828534317024257,0.1405955029008299,-0.22825988807921693,1.280978012691433,0.3853594766008017,-0.24406719323159887,1.2364166069737854,202
top3_45_45_10_fastm9_overseas_ma200_ret12_deftop1,进攻top3_45_45_10｜2/4指数5日<= -9%｜弱市纳指+标普 Top1｜MA200+12月正,False,top3_45_45_10,3,-0.09,overseas,ma200_ret12,1,1.0,2.716752780946254,0.3006887992867926,-0.25068439405275555,1.156072075353603,0.5686729524679526,0.20047624057451152,-0.1544995628429684,1.369361169323907,0.406335113852623,-0.25068439405275555,1.2848203547593973,194
top3_45_45_10_fastm9_overseas_ma200_ret12_deftop2,进攻top3_45_45_10｜2/4指数5日<= -9%｜弱市纳指+标普 Top2｜MA200+12月正,False,top3_45_45_10,3,-0.09,overseas,ma200_ret12,2,1.0,2.850642780042788,0.30993909408342324,-0.2440671932315991,1.1918813064257416,0.5969440430530104,0.20921001667048778,-0.12932804270232467,1.411257173846364,0.4161129358311668,-0.2440671932315991,1.3060153032167774,198
top3_45_45_10_fastm9_overseas_gold_ma120_ret6_deftop1,进攻top3_45_45_10｜2/4指数5日<= -9%｜弱市纳指+标普+黄金 Top1｜MA120+6月正,False,top3_45_45_10,3,-0.09,overseas_gold,ma120_ret6,1,1.0,1.8450204041820202,0.2329035546914635,-0.26982911614986516,0.9430302345709225,0.3316841941873798,0.12327520379746337,-0.17800377457677174,1.1364077283489182,0.3499620869451685,-0.26982911614986516,1.1518948644294822,212
top3_45_45_10_fastm9_overseas_gold_ma120_ret6_deftop2,进攻top3_45_45_10｜2/4指数5日<= -9%｜弱市纳指+标普+黄金 Top2｜MA120+6月正,False,top3_45_45_10,3,-0.09,overseas_gold,ma120_ret6,2,1.0,1.9739665352218867,0.24389577427290265,-0.24148047334606781,0.9842844200323401,0.319411526368065,0.11906246153745448,-0.19514607261471384,1.2540098186108044,0.3788616055779239,-0.24148047334606781,1.2228386351822091,228
top3_45_45_10_fastm9_overseas_gold_ma200_ret12_deftop1,进攻top3_45_45_10｜2/4指数5日<= -9%｜弱市纳指+标普+黄金 Top1｜MA200+12月正,False,top3_45_45_10,3,-0.09,overseas_gold,ma200_ret12,1,1.0,2.114624365019601,0.25545995207463745,-0.26982911614986527,1.0131120027212068,0.45787918836386043,0.16531585883250988,-0.1544995628429684,1.1364077283489191,0.3499620869451687,-0.26982911614986527,1.1518948644294822,214
top3_45_45_10_fastm9_overseas_gold_ma200_ret12_deftop2,进攻top3_45_45_10｜2/4指数5日<= -9%｜弱市纳指+标普+黄金 Top2｜MA200+12月正,False,top3_45_45_10,3,-0.09,overseas_gold,ma200_ret12,2,1.0,2.5561158803123507,0.2892321064960699,-0.2414804733460676,1.124992870273598,0.5188739711382764,0.18486145804985354,-0.12932804270232467,1.3412843645265196,0.39972381731495,-0.2414804733460676,1.2722735388274449,229
top3_45_40_15_fastoff_overseas_ma120_ret6_deftop1,进攻top3_45_40_15｜无紧急闸门｜弱市纳指+标普 Top1｜MA120+6月正,False,top3_45_40_15,3,0.0,overseas,ma120_ret6,1,1.0,2.719244110966431,0.30086333728942316,-0.24631879544645408,1.1292473642330418,0.3330812404437007,0.12375329211105113,-0.24631879544645408,1.7899605801432803,0.5001733417348635,-0.19603948869101606,1.4477885295391257,184
top3_45_40_15_fastoff_overseas_ma120_ret6_deftop2,进攻top3_45_40_15｜无紧急闸门｜弱市纳指+标普 Top2｜MA120+6月正,False,top3_45_40_15,3,0.0,overseas,ma120_ret6,2,1.0,2.788985825146373,0.305711784594185,-0.22900294079496364,1.149271077084693,0.3431572656976478,0.12719266235127158,-0.22900294079496364,1.8209547175984193,0.5067391562963974,-0.19603948869101595,1.459421715892254,189
top3_45_40_15_fastoff_overseas_ma200_ret12_deftop1,进攻top3_45_40_15｜无紧急闸门｜弱市纳指+标普 Top1｜MA200+12月正,False,top3_45_40_15,3,0.0,overseas,ma200_ret12,1,1.0,3.4928935971087967,0.35103379219008946,-0.19603948869101606,1.2764883733559407,0.523642545579823,0.18636972262745677,-0.1553925695338524,1.9487845493307772,0.5333674329329139,-0.19603948869101606,1.513915046004745,184
top3_45_40_15_fastoff_overseas_ma200_ret12_deftop2,进攻top3_45_40_15｜无紧急闸门｜弱市纳指+标普 Top2｜MA200+12月正,False,top3_45_40_15,3,0.0,overseas,ma200_ret12,2,1.0,3.62566431028265,0.35893576249507264,-0.19603948869101606,1.3069969112730535,0.551102227240976,0.19500091468885938,-0.12932804270232467,1.9821788848247306,0.5402083387184575,-0.19603948869101606,1.52559187335574,185
top3_45_40_15_fastoff_overseas_gold_ma120_ret6_deftop1,进攻top3_45_40_15｜无紧急闸门｜弱市纳指+标普+黄金 Top1｜MA120+6月正,False,top3_45_40_15,3,0.0,overseas_gold,ma120_ret6,1,1.0,2.1861207183404456,0.2611786363170505,-0.19603948869101595,1.011134041609451,0.29345429643522203,0.11007498575177821,-0.17966414828644317,1.4632650161056628,0.4281088236838073,-0.19603948869101595,1.2924187324011513,200
top3_45_40_15_fastoff_overseas_gold_ma120_ret6_deftop2,进攻top3_45_40_15｜无紧急闸门｜弱市纳指+标普+黄金 Top2｜MA120+6月正,False,top3_45_40_15,3,0.0,overseas_gold,ma120_ret6,2,1.0,2.309380719841157,0.2708010748157532,-0.19603948869101595,1.0466701891680785,0.28153378589944356,0.10591169171656478,-0.1959225638559896,1.5823593230657362,0.45501335641846574,-0.19603948869101595,1.3519318393925703,213
top3_45_40_15_fastoff_overseas_gold_ma200_ret12_deftop1,进攻top3_45_40_15｜无紧急闸门｜弱市纳指+标普+黄金 Top1｜MA200+12月正,False,top3_45_40_15,3,0.0,overseas_gold,ma200_ret12,1,1.0,2.4880465922853503,0.284252193746209,-0.19603948869101595,1.07947599544375,0.41602570956812013,0.1516213394542132,-0.1553925695338524,1.4632650161056646,0.42810882368380754,-0.19603948869101595,1.2924187324011545,202
top3_45_40_15_fastoff_overseas_gold_ma200_ret12_deftop2,进攻top3_45_40_15｜无紧急闸门｜弱市纳指+标普+黄金 Top2｜MA200+12月正,False,top3_45_40_15,3,0.0,overseas_gold,ma200_ret12,2,1.0,2.9571846816928686,0.31711787988431017,-0.19603948869101606,1.183822383098489,0.47526923488857453,0.1709371819498786,-0.12932804270232467,1.6823474577450606,0.47702774611429044,-0.19603948869101606,1.399183343624372,214
top3_45_40_15_fastm5_overseas_ma120_ret6_deftop1,进攻top3_45_40_15｜2/4指数5日<= -5%｜弱市纳指+标普 Top1｜MA120+6月正,False,top3_45_40_15,3,-0.05,overseas,ma120_ret6,1,1.0,1.2909288667905274,0.18056835973342933,-0.3047980227233733,0.8197180551790356,0.3200546182171642,0.11928378726465794,-0.24631879544645408,0.7354803620812327,0.2434855511337164,-0.3047980227233733,0.9208946816749152,252
top3_45_40_15_fastm5_overseas_ma120_ret6_deftop2,进攻top3_45_40_15｜2/4指数5日<= -5%｜弱市纳指+标普 Top2｜MA120+6月正,False,top3_45_40_15,3,-0.05,overseas,ma120_ret6,2,1.0,1.3401577984928918,0.18560528153946088,-0.29401454423369655,0.8434789839049359,0.3182474363104575,0.11866166660589816,-0.22900294079496364,0.7752037546475958,0.2546594855753561,-0.29401454423369655,0.9522749977250847,273
top3_45_40_15_fastm5_overseas_ma200_ret12_deftop1,进攻top3_45_40_15｜2/4指数5日<= -5%｜弱市纳指+标普 Top1｜MA200+12月正,False,top3_45_40_15,3,-0.05,overseas,ma200_ret12,1,1.0,1.6805707414150608,0.21829118751907295,-0.30479802272337353,0.9539746383744916,0.47981157266362473,0.17239899778911294,-0.1553925695338524,0.8114270701303536,0.26471780549372115,-0.30479802272337353,0.976578042264914,252
top3_45_40_15_fastm5_overseas_ma200_ret12_deftop2,进攻top3_45_40_15｜2/4指数5日<= -5%｜弱市纳指+标普 Top2｜MA200+12月正,False,top3_45_40_15,3,-0.05,overseas,ma200_ret12,2,1.0,1.7788991085114927,0.22711160684570397,-0.29401454423369644,0.9930552343605439,0.506481315394109,0.18092854867827657,-0.12932804270232467,0.844628990824561,0.27383086450992633,-0.29401454423369644,1.0017697490635684,268
top3_45_40_15_fastm5_overseas_gold_ma120_ret6_deftop1,进攻top3_45_40_15｜2/4指数5日<= -5%｜弱市纳指+标普+黄金 Top1｜MA120+6月正,False,top3_45_40_15,3,-0.05,overseas_gold,ma120_ret6,1,1.0,0.8298376982226117,0.12861873193663076,-0.3590511758187498,0.6262093678671156,0.26019436148118746,0.09840094645951303,-0.17966414828644317,0.45202815863410595,0.158850655067438,-0.3590511758187498,0.665429553203686,270
top3_45_40_15_fastm5_overseas_gold_ma120_ret6_deftop2,进攻top3_45_40_15｜2/4指数5日<= -5%｜弱市纳指+标普+黄金 Top2｜MA120+6月正,False,top3_45_40_15,3,-0.05,overseas_gold,ma120_ret6,2,1.0,1.0712089660414486,0.15697186835776966,-0.3101525352820341,0.7399428070146422,0.2587850280481232,0.09790225814835707,-0.1959225638559896,0.645403241928507,0.21756112764887559,-0.3101525352820341,0.8466697783208738,302
top3_45_40_15_fastm5_overseas_gold_ma200_ret12_deftop1,进攻top3_45_40_15｜2/4指数5日<= -5%｜弱市纳指+标普+黄金 Top1｜MA200+12月正,False,top3_45_40_15,3,-0.05,overseas_gold,ma200_ret12,1,1.0,1.1165303353157974,0.16199760913320516,-0.35905117581874924,0.7448730254004646,0.3796139684472495,0.1395103803395954,-0.1553925695338524,0.5341467857838123,0.18432730721882895,-0.35905117581874924,0.7391594262843382,274
top3_45_40_15_fastm5_overseas_gold_ma200_ret12_deftop2,进攻top3_45_40_15｜2/4指数5日<= -5%｜弱市纳指+标普+黄金 Top2｜MA200+12月正,False,top3_45_40_15,3,-0.05,overseas_gold,ma200_ret12,2,1.0,1.5849636792719979,0.2094631642750855,-0.3101525352820338,0.9255227968205058,0.43570003934827617,0.15808834235016112,-0.12932804270232467,0.8004900803968915,0.2616937935346284,-0.3101525352820338,0.9686006911770868,306
top3_45_40_15_fastm7_overseas_ma120_ret6_deftop1,进攻top3_45_40_15｜2/4指数5日<= -7%｜弱市纳指+标普 Top1｜MA120+6月正,False,top3_45_40_15,3,-0.07,overseas,ma120_ret6,1,1.0,1.8137973284313684,0.2301821124899479,-0.24631879544645408,0.9541601911964726,0.3330812404437007,0.12375329211105113,-0.24631879544645408,1.1107470745705101,0.3435291705256478,-0.24097716842845796,1.1591465465653812,217
top3_45_40_15_fastm7_overseas_ma120_ret6_deftop2,进攻top3_45_40_15｜2/4指数5日<= -7%｜弱市纳指+标普 Top2｜MA120+6月正,False,top3_45_40_15,3,-0.07,overseas,ma120_ret6,2,1.0,1.8930845699698349,0.237046567193693,-0.23137620465258857,0.982474210926954,0.3431572656976478,0.12719266235127158,-0.22900294079496364,1.1539432826335054,0.3543312753167973,-0.23137620465258857,1.1856549978437025,229
top3_45_40_15_fastm7_overseas_ma200_ret12_deftop1,进攻top3_45_40_15｜2/4指数5日<= -7%｜弱市纳指+标普 Top1｜MA200+12月正,False,top3_45_40_15,3,-0.07,overseas,ma200_ret12,1,1.0,2.3991025009745814,0.2776266005785837,-0.2409771684284585,1.1086912129101216,0.523642545579823,0.18636972262745677,-0.1553925695338524,1.230905477689356,0.3732572198931787,-0.2409771684284585,1.2307039637009733,217
top3_45_40_15_fastm7_overseas_ma200_ret12_deftop2,进攻top3_45_40_15｜2/4指数5日<= -7%｜弱市纳指+标普 Top2｜MA200+12月正,False,top3_45_40_15,3,-0.07,overseas,ma200_ret12,2,1.0,2.5319313969357355,0.28747158352256186,-0.23137620465258857,1.1482650270264056,0.551102227240976,0.19500091468885938,-0.12932804270232467,1.2770461771679358,0.38441502115967063,-0.23137620465258857,1.2572921264880452,225
top3_45_40_15_fastm7_overseas_gold_ma120_ret6_deftop1,进攻top3_45_40_15｜2/4指数5日<= -7%｜弱市纳指+标普+黄金 Top1｜MA120+6月正,False,top3_45_40_15,3,-0.07,overseas_gold,ma120_ret6,1,1.0,1.677144799379747,0.21797923298748434,-0.25934077076683826,0.9112806966255921,0.29345429643522203,0.11007498575177821,-0.17966414828644317,1.0697637378900784,0.3331561491551722,-0.25934077076683826,1.129703075186998,235
top3_45_40_15_fastm7_overseas_gold_ma120_ret6_deftop2,进攻top3_45_40_15｜2/4指数5日<= -7%｜弱市纳指+标普+黄金 Top2｜MA120+6月正,False,top3_45_40_15,3,-0.07,overseas_gold,ma120_ret6,2,1.0,1.8064440399790098,0.22953767930015467,-0.22775207155299448,0.9561724805074611,0.28153378589944356,0.10591169171656478,-0.1959225638559896,1.189910301903831,0.36322604300582806,-0.22775207155299448,1.2069901257857765,255
top3_45_40_15_fastm7_overseas_gold_ma200_ret12_deftop1,进攻top3_45_40_15｜2/4指数5日<= -7%｜弱市纳指+标普+黄金 Top1｜MA200+12月正,False,top3_45_40_15,3,-0.07,overseas_gold,ma200_ret12,1,1.0,2.0965905803689595,0.25400094527654615,-0.2593407707668377,1.0241204003320483,0.41602570956812013,0.1516213394542132,-0.1553925695338524,1.1868180495913467,0.362464805388824,-0.2593407707668377,1.199350858379667,239
top3_45_40_15_fastm7_overseas_gold_ma200_ret12_deftop2,进攻top3_45_40_15｜2/4指数5日<= -7%｜弱市纳指+标普+黄金 Top2｜MA200+12月正,False,top3_45_40_15,3,-0.07,overseas_gold,ma200_ret12,2,1.0,2.545584577836305,0.2884666551424506,-0.22775207155299393,1.1415804601561503,0.47526923488857453,0.1709371819498786,-0.12932804270232467,1.4033474663383045,0.4142748562125036,-0.22775207155299393,1.3268451178242353,258
top3_45_40_15_fastm9_overseas_ma120_ret6_deftop1,进攻top3_45_40_15｜2/4指数5日<= -9%｜弱市纳指+标普 Top1｜MA120+6月正,False,top3_45_40_15,3,-0.09,overseas,ma120_ret6,1,1.0,1.9004851685313224,0.2376795812772241,-0.25201055818394436,0.9710057250630602,0.3330812404437007,0.12375329211105113,-0.24631879544645408,1.17577524950087,0.35974101002956016,-0.25201055818394436,1.1870398061349399,196
top3_45_40_15_fastm9_overseas_ma120_ret6_deftop2,进攻top3_45_40_15｜2/4指数5日<= -9%｜弱市纳指+标普 Top2｜MA120+6月正,False,top3_45_40_15,3,-0.09,overseas,ma120_ret6,2,1.0,1.9712655190244486,0.2436694671220465,-0.24533023429204026,0.9957271509871451,0.3431572656976478,0.12719266235127158,-0.22900294079496364,1.212150129330646,0.3686818983171072,-0.24533023429204026,1.207535284753564,204
top3_45_40_15_fastm9_overseas_ma200_ret12_deftop1,进攻top3_45_40_15｜2/4指数5日<= -9%｜弱市纳指+标普 Top1｜MA200+12月正,False,top3_45_40_15,3,-0.09,overseas,ma200_ret12,1,1.0,2.5038225002120926,0.28541322457707774,-0.2520105581839447,1.123994104705239,0.523642545579823,0.18636972262745677,-0.1553925695338524,1.2996355085888673,0.3898277761080373,-0.2520105581839447,1.2575488105982853,196
top3_45_40_15_fastm9_overseas_ma200_ret12_deftop2,进攻top3_45_40_15｜2/4指数5日<= -9%｜弱市纳指+标普 Top2｜MA200+12月正,False,top3_45_40_15,3,-0.09,overseas,ma200_ret12,2,1.0,2.6273761521545906,0.294364448904026,-0.24533023429203982,1.159708089598344,0.551102227240976,0.19500091468885938,-0.12932804270232467,1.3385796812417632,0.39908441439212083,-0.24533023429203982,1.2780878440191432,200
top3_45_40_15_fastm9_overseas_gold_ma120_ret6_deftop1,进攻top3_45_40_15｜2/4指数5日<= -9%｜弱市纳指+标普+黄金 Top1｜MA120+6月正,False,top3_45_40_15,3,-0.09,overseas_gold,ma120_ret6,1,1.0,1.6820918644459368,0.2184295935570919,-0.27016285366341775,0.9076351004768403,0.29345429643522203,0.11007498575177821,-0.17966414828644317,1.0735884304824834,0.33412941741158386,-0.27016285366341775,1.1229014113254772,214
top3_45_40_15_fastm9_overseas_gold_ma120_ret6_deftop2,进攻top3_45_40_15｜2/4指数5日<= -9%｜弱市纳指+标普+黄金 Top2｜MA120+6月正,False,top3_45_40_15,3,-0.09,overseas_gold,ma120_ret6,2,1.0,1.8013067775727576,0.22908665418599838,-0.2418296875773137,0.9487193433062151,0.28153378589944356,0.10591169171656478,-0.1959225638559896,1.1859016191341865,0.3622390773815094,-0.2418296875773137,1.193654156861474,230
top3_45_40_15_fastm9_overseas_gold_ma200_ret12_deftop1,进攻top3_45_40_15｜2/4指数5日<= -9%｜弱市纳指+标普+黄金 Top1｜MA200+12月正,False,top3_45_40_15,3,-0.09,overseas_gold,ma200_ret12,1,1.0,1.9362545286262023,0.2407210472740875,-0.27016285366341763,0.9788188636825791,0.41602570956812013,0.1516213394542132,-0.1553925695338524,1.073588430482483,0.33412941741158386,-0.27016285366341763,1.1229014113254825,216
top3_45_40_15_fastm9_overseas_gold_ma200_ret12_deftop2,进攻top3_45_40_15｜2/4指数5日<= -9%｜弱市纳指+标普+黄金 Top2｜MA200+12月正,False,top3_45_40_15,3,-0.09,overseas_gold,ma200_ret12,2,1.0,2.3496563881188632,0.2738830964478618,-0.24182968757731327,1.0916821629484892,0.47526923488857453,0.1709371819498786,-0.12932804270232467,1.270539037148605,0.38284978983721896,-0.24182968757731327,1.2437127502906706,231
top3_42_42_16_fastoff_overseas_ma120_ret6_deftop1,进攻top3_42_42_16｜无紧急闸门｜弱市纳指+标普 Top1｜MA120+6月正,False,top3_42_42_16,3,0.0,overseas,ma120_ret6,1,1.0,2.7332200352037916,0.30184073499071973,-0.25208007728299286,1.132437850216413,0.3242579020402263,0.12072880912207151,-0.25208007728299286,1.8191034612307635,0.5063482137179245,-0.19545571874241852,1.4621989150056074,179
top3_42_42_16_fastoff_overseas_ma120_ret6_deftop2,进攻top3_42_42_16｜无紧急闸门｜弱市纳指+标普 Top2｜MA120+6月正,False,top3_42_42_16,3,0.0,overseas,ma120_ret6,2,1.0,2.8045852968249756,0.30678648104067174,-0.2322617299132237,1.152775642495314,0.3342672365495434,0.12415892260028083,-0.2322617299132237,1.8514417446566038,0.5131551217924848,-0.1954557187424184,1.4742801507584216,184
top3_42_42_16_fastoff_overseas_ma200_ret12_deftop1,进攻top3_42_42_16｜无紧急闸门｜弱市纳指+标普 Top1｜MA200+12月正,False,top3_42_42_16,3,0.0,overseas,ma200_ret12,1,1.0,3.5096517719354257,0.35204138577710387,-0.1954557187424184,1.279740017192353,0.5135579285454499,0.18317671303191974,-0.1582912409445535,1.9795039138470658,0.5396620767924762,-0.1954557187424184,1.5283442583474953,179
top3_42_42_16_fastoff_overseas_ma200_ret12_deftop2,进攻top3_42_42_16｜无紧急闸门｜弱市纳指+标普 Top2｜MA200+12月正,False,top3_42_42_16,3,0.0,overseas,ma200_ret12,2,1.0,3.6445797805298454,0.36004672231505275,-0.1954557187424183,1.310575657370592,0.5408358612955857,0.19178467500025165,-0.12932804270232456,2.0143248201820336,0.5467498858765136,-0.1954557187424183,1.5404682470842745,180
top3_42_42_16_fastoff_overseas_gold_ma120_ret6_deftop1,进攻top3_42_42_16｜无紧急闸门｜弱市纳指+标普+黄金 Top1｜MA120+6月正,False,top3_42_42_16,3,0.0,overseas_gold,ma120_ret6,1,1.0,2.197930236050274,0.26211332974303625,-0.19552287048322559,1.01421114564099,0.2848942048487779,0.1070876544250845,-0.1859343389844017,1.4888665728137869,0.43395774050529545,-0.19552287048322559,1.3065285794222852,195
top3_42_42_16_fastoff_overseas_gold_ma120_ret6_deftop2,进攻top3_42_42_16｜无紧急闸门｜弱市纳指+标普+黄金 Top2｜MA120+6月正,False,top3_42_42_16,3,0.0,overseas_gold,ma120_ret6,2,1.0,2.3227663506320204,0.2718286977265323,-0.19932057266255898,1.0500719841703956,0.2730525843535878,0.10293556426245076,-0.19932057266255898,1.6100778486846297,0.4611670376514647,-0.1954557187424184,1.3665881030674498,208
top3_42_42_16_fastoff_overseas_gold_ma200_ret12_deftop1,进攻top3_42_42_16｜无紧急闸门｜弱市纳指+标普+黄金 Top1｜MA200+12月正,False,top3_42_42_16,3,0.0,overseas_gold,ma200_ret12,1,1.0,2.5009610745004873,0.2852029482400704,-0.19552287048322547,1.0825883440575006,0.40664875841153636,0.1485203199886176,-0.1582912409445535,1.4888665728137855,0.43395774050529523,-0.19552287048322547,1.3065285794222832,197
top3_42_42_16_fastoff_overseas_gold_ma200_ret12_deftop2,进攻top3_42_42_16｜无紧急闸门｜弱市纳指+标普+黄金 Top2｜MA200+12月正,False,top3_42_42_16,3,0.0,overseas_gold,ma200_ret12,2,1.0,2.9731744740114636,0.31818189046414247,-0.1954557187424183,1.1873043866311086,0.4654999718978785,0.16778414989861723,-0.12932804270232456,1.7111392358923423,0.4832745327034216,-0.1954557187424183,1.4139094991534635,209
top3_42_42_16_fastm5_overseas_ma120_ret6_deftop1,进攻top3_42_42_16｜2/4指数5日<= -5%｜弱市纳指+标普 Top1｜MA120+6月正,False,top3_42_42_16,3,-0.05,overseas,ma120_ret6,1,1.0,1.286415743329604,0.1801022753757615,-0.3092874740133522,0.8173482672934129,0.30991417918356046,0.115786374940275,-0.25208007728299286,0.7454698786104252,0.246309973200179,-0.3092874740133522,0.9282925104032086,248
top3_42_42_16_fastm5_overseas_ma120_ret6_deftop2,进攻top3_42_42_16｜2/4指数5日<= -5%｜弱市纳指+标普 Top2｜MA120+6月正,False,top3_42_42_16,3,-0.05,overseas,ma120_ret6,2,1.0,1.3363842065799516,0.1852221962052223,-0.29855796171028925,0.8413480647130551,0.308121039851176,0.11516625360590615,-0.2322617299132237,0.7860611788995919,0.25768724587440794,-0.29855796171028925,0.960139131943024,269
top3_42_42_16_fastm5_overseas_ma200_ret12_deftop1,进攻top3_42_42_16｜2/4指数5日<= -5%｜弱市纳指+标普 Top1｜MA200+12月正,False,top3_42_42_16,3,-0.05,overseas,ma200_ret12,1,1.0,1.6753583179100957,0.21781643544419182,-0.3092874740133519,0.9514109795513997,0.46844222290891335,0.16873507292282874,-0.1582912409445535,0.821902337165394,0.26760381967820845,-0.3092874740133519,0.983875405436097,248
top3_42_42_16_fastm5_overseas_ma200_ret12_deftop2,进攻top3_42_42_16｜2/4指数5日<= -5%｜弱市纳指+标普 Top2｜MA200+12月正,False,top3_42_42_16,3,-0.05,overseas,ma200_ret12,2,1.0,1.7744885141058244,0.2267213508286996,-0.29855796171028914,0.9907116776056228,0.494907062772997,0.17723796767047406,-0.12932804270232456,0.8559605364090337,0.2769183533436821,-0.29855796171028914,1.0095571486008326,264
top3_42_42_16_fastm5_overseas_gold_ma120_ret6_deftop1,进攻top3_42_42_16｜2/4指数5日<= -5%｜弱市纳指+标普+黄金 Top1｜MA120+6月正,False,top3_42_42_16,3,-0.05,overseas_gold,ma120_ret6,1,1.0,0.8262392078336505,0.12817393456567117,-0.36147279722762304,0.6240888105238611,0.2505146988729292,0.09496912050078166,-0.1859343389844017,0.4603900373818983,0.161484074467398,-0.36147279722762304,0.6729286540385832,266
top3_42_42_16_fastm5_overseas_gold_ma120_ret6_deftop2,进攻top3_42_42_16｜2/4指数5日<= -5%｜弱市纳指+标普+黄金 Top2｜MA120+6月正,False,top3_42_42_16,3,-0.05,overseas_gold,ma120_ret6,2,1.0,1.0678322349466591,0.15659390990509858,-0.312757995461582,0.7379144859889211,0.24911605201450593,0.09447194098488776,-0.19932057266255898,0.6554364437249627,0.2204905190222599,-0.312757995461582,0.854592932229403,298
top3_42_42_16_fastm5_overseas_gold_ma200_ret12_deftop1,进攻top3_42_42_16｜2/4指数5日<= -5%｜弱市纳指+标普+黄金 Top1｜MA200+12月正,False,top3_42_42_16,3,-0.05,overseas_gold,ma200_ret12,1,1.0,1.1123553982457537,0.16153826424130502,-0.3614727972276238,0.7426198617509088,0.36901150453239606,0.13594825091630813,-0.1582912409445535,0.5429785588012692,0.18701770636474424,-0.3614727972276238,0.7465523481453582,270
top3_42_42_16_fastm5_overseas_gold_ma200_ret12_deftop2,进攻top3_42_42_16｜2/4指数5日<= -5%｜弱市纳指+标普+黄金 Top2｜MA200+12月正,False,top3_42_42_16,3,-0.05,overseas_gold,ma200_ret12,2,1.0,1.5807342387490242,0.20906663902874856,-0.31275799546158156,0.9232754283835188,0.4246665708704811,0.15446814519274255,-0.12932804270232456,0.8114654274313304,0.2647283916010412,-0.31275799546158156,0.9763614570384752,302
top3_42_42_16_fastm7_overseas_ma120_ret6_deftop1,进攻top3_42_42_16｜2/4指数5日<= -7%｜弱市纳指+标普 Top1｜MA120+6月正,False,top3_42_42_16,3,-0.07,overseas,ma120_ret6,1,1.0,1.8180270075465068,0.2305521864372373,-0.25208007728299286,0.9547470678789832,0.3242579020402263,0.12072880912207151,-0.25208007728299286,1.1280046758300597,0.3478606806783695,-0.24601373245976654,1.1696699573182936,214
top3_42_42_16_fastm7_overseas_ma120_ret6_deftop2,进攻top3_42_42_16｜2/4指数5日<= -7%｜弱市纳指+标普 Top2｜MA120+6月正,False,top3_42_42_16,3,-0.07,overseas,ma120_ret6,2,1.0,1.8984706609377557,0.23750739738253457,-0.23645941425283323,0.9833263469138331,0.3342672365495434,0.12415892260028083,-0.2322617299132237,1.1723314352177985,0.3588898561069791,-0.23645941425283323,1.196649569452088,226
top3_42_42_16_fastm7_overseas_ma200_ret12_deftop1,进攻top3_42_42_16｜2/4指数5日<= -7%｜弱市纳指+标普 Top1｜MA200+12月正,False,top3_42_42_16,3,-0.07,overseas,ma200_ret12,1,1.0,2.404117714448455,0.2780038585423661,-0.24601373245976654,1.1091237399631078,0.5135579285454499,0.18317671303191974,-0.1582912409445535,1.2490832033894197,0.3776694881937206,-0.24601373245976654,1.2411364559111058,214
top3_42_42_16_fastm7_overseas_ma200_ret12_deftop2,进攻top3_42_42_16｜2/4指数5日<= -7%｜弱市纳指+标普 Top2｜MA200+12月正,False,top3_42_42_16,3,-0.07,overseas,ma200_ret12,2,1.0,2.53840882507878,0.2879440544901757,-0.23645941425283368,1.1489518264324288,0.5408358612955857,0.19178467500025165,-0.12932804270232456,1.2964216461729858,0.38905965247514396,-0.23645941425283368,1.2681953233375214,222
top3_42_42_16_fastm7_overseas_gold_ma120_ret6_deftop1,进攻top3_42_42_16｜2/4指数5日<= -7%｜弱市纳指+标普+黄金 Top1｜MA120+6月正,False,top3_42_42_16,3,-0.07,overseas_gold,ma120_ret6,1,1.0,1.6810321718893753,0.21833317942641273,-0.2621828090132876,0.9118652907028683,0.2848942048487779,0.1070876544250845,-0.1859343389844017,1.0865781492141697,0.33742682621020936,-0.2621828090132876,1.1401290109920705,232
top3_42_42_16_fastm7_overseas_gold_ma120_ret6_deftop2,进攻top3_42_42_16｜2/4指数5日<= -7%｜弱市纳指+标普+黄金 Top2｜MA120+6月正,False,top3_42_42_16,3,-0.07,overseas_gold,ma120_ret6,2,1.0,1.8114661849425233,0.22997795989004377,-0.2307142988679748,0.9570061360029566,0.2730525843535878,0.10293556426245076,-0.19932057266255898,1.208444662456806,0.36777518664120024,-0.2307142988679748,1.2178914471603883,252
top3_42_42_16_fastm7_overseas_gold_ma200_ret12_deftop1,进攻top3_42_42_16｜2/4指数5日<= -7%｜弱市纳指+标普+黄金 Top1｜MA200+12月正,False,top3_42_42_16,3,-0.07,overseas_gold,ma200_ret12,1,1.0,2.1010684453977237,0.25436385573236353,-0.2621828090132876,1.0246305496948955,0.40664875841153636,0.1485203199886176,-0.1582912409445535,1.204579094001844,0.3668283178197673,-0.2621828090132876,1.20972045921085,236
top3_42_42_16_fastm7_overseas_gold_ma200_ret12_deftop2,进攻top3_42_42_16｜2/4指数5日<= -7%｜弱市纳指+标普+黄金 Top2｜MA200+12月正,False,top3_42_42_16,3,-0.07,overseas_gold,ma200_ret12,2,1.0,2.551908151370068,0.28892649200915654,-0.23071429886797457,1.1422919727394867,0.4654999718978785,0.16778414989861723,-0.12932804270232456,1.4236835342754808,0.4189932587808416,-0.23071429886797457,1.337686944270198,255
top3_42_42_16_fastm9_overseas_ma120_ret6_deftop1,进攻top3_42_42_16｜2/4指数5日<= -9%｜弱市纳指+标普 Top1｜MA120+6月正,False,top3_42_42_16,3,-0.09,overseas,ma120_ret6,1,1.0,1.9185189463515093,0.23921671836074498,-0.2539926091099416,0.975376264011879,0.3242579020402263,0.12072880912207151,-0.25208007728299286,1.2038901499889674,0.3666594559836709,-0.2539926091099416,1.2038174625060407,195
top3_42_42_16_fastm9_overseas_ma120_ret6_deftop2,进攻top3_42_42_16｜2/4指数5日<= -9%｜弱市纳指+标普 Top2｜MA120+6月正,False,top3_42_42_16,3,-0.09,overseas,ma120_ret6,2,1.0,1.990809639809909,0.24530329280582786,-0.24731316851954044,1.000399848890196,0.3342672365495434,0.12415892260028083,-0.2322617299132237,1.2415371957601509,0.3758404779152027,-0.24731316851954044,1.2247684059154809,203
top3_42_42_16_fastm9_overseas_ma200_ret12_deftop1,进攻top3_42_42_16｜2/4指数5日<= -9%｜弱市纳指+标普 Top1｜MA200+12月正,False,top3_42_42_16,3,-0.09,overseas,ma200_ret12,1,1.0,2.5255098757475807,0.28700250594046306,-0.2539926091099418,1.128258319459863,0.5135579285454499,0.18317671303191974,-0.1582912409445535,1.3292863849193037,0.39688401052883937,-0.2539926091099418,1.2742362840505281,195
top3_42_42_16_fastm9_overseas_ma200_ret12_deftop2,进攻top3_42_42_16｜2/4指数5日<= -9%｜弱市纳指+标普 Top2｜MA200+12月正,False,top3_42_42_16,3,-0.09,overseas,ma200_ret12,2,1.0,2.6511348437145137,0.29605768450248515,-0.24731316851954066,1.1642727768728238,0.5408358612955857,0.19178467500025165,-0.12932804270232456,1.3695806512736008,0.40638660854325614,-0.24731316851954066,1.2952302505234654,199
top3_42_42_16_fastm9_overseas_gold_ma120_ret6_deftop1,进攻top3_42_42_16｜2/4指数5日<= -9%｜弱市纳指+标普+黄金 Top1｜MA120+6月正,False,top3_42_42_16,3,-0.09,overseas_gold,ma120_ret6,1,1.0,1.6986311206097655,0.21993045249852194,-0.27266437365574403,0.9119771687073432,0.2848942048487779,0.1070876544250845,-0.1859343389844017,1.1002749568221248,0.3408903102603058,-0.27266437365574403,1.139570213734546,213
top3_42_42_16_fastm9_overseas_gold_ma120_ret6_deftop2,进攻top3_42_42_16｜2/4指数5日<= -9%｜弱市纳指+标普+黄金 Top2｜MA120+6月正,False,top3_42_42_16,3,-0.09,overseas_gold,ma120_ret6,2,1.0,1.8195309119363565,0.2306836628490252,-0.244427317052472,0.9533572830921625,0.2730525843535878,0.10293556426245076,-0.19932057266255898,1.2147796144398995,0.36932476494755995,-0.244427317052472,1.2108082403429723,229
top3_42_42_16_fastm9_overseas_gold_ma200_ret12_deftop1,进攻top3_42_42_16｜2/4指数5日<= -9%｜弱市纳指+标普+黄金 Top1｜MA200+12月正,False,top3_42_42_16,3,-0.09,overseas_gold,ma200_ret12,1,1.0,1.9543491603366805,0.24224836015174356,-0.27266437365574414,0.9831182597395081,0.40664875841153636,0.1485203199886176,-0.1582912409445535,1.1002749568221217,0.3408903102603049,-0.27266437365574414,1.1395702137345467,215
top3_42_42_16_fastm9_overseas_gold_ma200_ret12_deftop2,进攻top3_42_42_16｜2/4指数5日<= -9%｜弱市纳指+标普+黄金 Top2｜MA200+12月正,False,top3_42_42_16,3,-0.09,overseas_gold,ma200_ret12,2,1.0,2.371434240587212,0.2755372796333002,-0.24442731705247223,1.09624243563586,0.4654999718978785,0.16778414989861723,-0.12932804270232456,1.3005351792815634,0.39004268403931386,-0.24442731705247223,1.2608645840958521,230
top3_45_35_20_fastoff_overseas_ma120_ret6_deftop1,进攻top3_45_35_20｜无紧急闸门｜弱市纳指+标普 Top1｜MA120+6月正,False,top3_45_35_20,3,0.0,overseas,ma120_ret6,1,1.0,2.530319763965275,0.28735392153369776,-0.24784792613461037,1.0992713778342351,0.3024954990425768,0.11321748868962955,-0.24784792613461037,1.710427611120577,0.4831206203428875,-0.19345326730129508,1.4235345779741622,186
top3_45_35_20_fastoff_overseas_ma120_ret6_deftop2,进攻top3_45_35_20｜无紧急闸门｜弱市纳指+标普 Top2｜MA120+6月正,False,top3_45_35_20,3,0.0,overseas,ma120_ret6,2,1.0,2.5938752166321453,0.2919617676741837,-0.2297498977887784,1.1188606747736827,0.3123403435601837,0.11662461294757054,-0.2297498977887784,1.7385237634945354,0.4891788814433655,-0.19345326730129497,1.4344136811420627,191
top3_45_35_20_fastoff_overseas_ma200_ret12_deftop1,进攻top3_45_35_20｜无紧急闸门｜弱市纳指+标普 Top1｜MA200+12月正,False,top3_45_35_20,3,0.0,overseas,ma200_ret12,1,1.0,3.283105597281711,0.3381586874028728,-0.19345326730129497,1.2499513007148637,0.48868463343386614,0.1752468558287772,-0.1562887749640144,1.8771074148875369,0.5185243511232607,-0.19345326730129497,1.493470388555349,187
top3_45_35_20_fastoff_overseas_ma200_ret12_deftop2,进攻top3_45_35_20｜无紧急闸门｜弱市纳指+标普 Top2｜MA200+12月正,False,top3_45_35_20,3,0.0,overseas,ma200_ret12,2,1.0,3.406435463629828,0.34578717699116845,-0.1934532673012952,1.2801092325868746,0.5155142899346892,0.18379712573093943,-0.12932804270232467,1.9075512470553626,0.5248557462023025,-0.1934532673012952,1.5043724978537132,188
top3_45_35_20_fastoff_overseas_gold_ma120_ret6_deftop1,进攻top3_45_35_20｜无紧急闸门｜弱市纳指+标普+黄金 Top1｜MA120+6月正,False,top3_45_35_20,3,0.0,overseas_gold,ma120_ret6,1,1.0,2.0373376070352385,0.24915879365908955,-0.19350038620352172,0.982081023208124,0.2637752873558987,0.09966655730360818,-0.1813301032358211,1.4033842388151374,0.41428340995916924,-0.19350038620352172,1.2699916443913055,203
top3_45_35_20_fastoff_overseas_gold_ma120_ret6_deftop2,进攻top3_45_35_20｜无紧急闸门｜弱市纳指+标普+黄金 Top2｜MA120+6月正,False,top3_45_35_20,3,0.0,overseas_gold,ma120_ret6,2,1.0,2.152200304450174,0.25847842522583786,-0.19670312971776704,1.017182405318789,0.25212829938786574,0.09554229968361949,-0.19670312971776704,1.517473893043713,0.44045047259684966,-0.19345326730129486,1.3290156141329907,216
top3_45_35_20_fastoff_overseas_gold_ma200_ret12_deftop1,进攻top3_45_35_20｜无紧急闸门｜弱市纳指+标普+黄金 Top1｜MA200+12月正,False,top3_45_35_20,3,0.0,overseas_gold,ma200_ret12,1,1.0,2.3251625267724227,0.27201230409744537,-0.1935003862035216,1.0510786170051512,0.38353346629739105,0.14082310213121563,-0.1562887749640144,1.4033842388151365,0.414283409959169,-0.1935003862035216,1.2699916443913022,205
top3_45_35_20_fastoff_overseas_gold_ma200_ret12_deftop2,进攻top3_45_35_20｜无紧急闸门｜弱市纳指+标普+黄金 Top2｜MA200+12月正,False,top3_45_35_20,3,0.0,overseas_gold,ma200_ret12,2,1.0,2.7692344584489392,0.3043459627240406,-0.19345326730129497,1.1556721428267787,0.4414175847766293,0.1599578286261476,-0.12932804270232467,1.6149496844337738,0.4622445254839913,-0.19345326730129497,1.3766900301758762,217
top3_45_35_20_fastm5_overseas_ma120_ret6_deftop1,进攻top3_45_35_20｜2/4指数5日<= -5%｜弱市纳指+标普 Top1｜MA120+6月正,False,top3_45_35_20,3,-0.05,overseas,ma120_ret6,1,1.0,1.1903546859033365,0.17000279098651783,-0.30086188121546087,0.7875829814540568,0.2924080989959794,0.1097105113878305,-0.24784792613461037,0.6947856389981895,0.23187682596403358,-0.30086188121546087,0.8933057968501089,254
top3_45_35_20_fastm5_overseas_ma120_ret6_deftop2,进攻top3_45_35_20｜2/4指数5日<= -5%｜弱市纳指+标普 Top2｜MA120+6月正,False,top3_45_35_20,3,-0.05,overseas,ma120_ret6,2,1.0,1.2357852850003925,0.174822422402098,-0.28994709205260805,0.8107484997352425,0.2906389237075304,0.10909376684018235,-0.2297498977887784,0.7323088928527004,0.24258679902090852,-0.28994709205260805,0.9239949226169222,275
top3_45_35_20_fastm5_overseas_ma200_ret12_deftop1,进攻top3_45_35_20｜2/4指数5日<= -5%｜弱市纳指+标普 Top1｜MA200+12月正,False,top3_45_35_20,3,-0.05,overseas,ma200_ret12,1,1.0,1.5743351896478033,0.20846571603279562,-0.3008618812154604,0.9256247619300928,0.4488190142742843,0.16237136862652424,-0.1562887749640144,0.7768507758971479,0.2551195019983259,-0.3008618812154604,0.9541799276290308,255
top3_45_35_20_fastm5_overseas_ma200_ret12_deftop2,进攻top3_45_35_20｜2/4指数5日<= -5%｜弱市纳指+标普 Top2｜MA200+12月正,False,top3_45_35_20,3,-0.05,overseas,ma200_ret12,2,1.0,1.6668135625392746,0.2170365689351199,-0.2899470920526078,0.9641814654794384,0.4749301970001898,0.17082796553551471,-0.12932804270232467,0.808094761340717,0.26379761445070105,-0.2899470920526078,0.9785361147893482,271
top3_45_35_20_fastm5_overseas_gold_ma120_ret6_deftop1,进攻top3_45_35_20｜2/4指数5日<= -5%｜弱市纳指+标普+黄金 Top1｜MA120+6月正,False,top3_45_35_20,3,-0.05,overseas_gold,ma120_ret6,1,1.0,0.7573114664910543,0.11951561456501736,-0.3597902212775622,0.5955360492306596,0.23379912755867305,0.08900542404857958,-0.1813301032358211,0.4243092147165468,0.15005491020394612,-0.3597902212775622,0.641058429467363,273
top3_45_35_20_fastm5_overseas_gold_ma120_ret6_deftop2,进攻top3_45_35_20｜2/4指数5日<= -5%｜弱市纳指+标普+黄金 Top2｜MA120+6月正,False,top3_45_35_20,3,-0.05,overseas_gold,ma120_ret6,2,1.0,0.9874567060610024,0.14744830449765223,-0.31095025827812484,0.7089355472249316,0.232419176347191,0.08851095239691609,-0.19670312971776704,0.6126466905129573,0.20792130217994043,-0.31095025827812484,0.8220701835952079,305
top3_45_35_20_fastm5_overseas_gold_ma200_ret12_deftop1,进攻top3_45_35_20｜2/4指数5日<= -5%｜弱市纳指+标普+黄金 Top1｜MA200+12月正,False,top3_45_35_20,3,-0.05,overseas_gold,ma200_ret12,1,1.0,1.0326394019524154,0.15262509206827146,-0.3597902212775622,0.7152418432320065,0.3507166984071832,0.12976296118989405,-0.1562887749640144,0.5048599046338744,0.17533809793623423,-0.3597902212775622,0.7153841265507576,277
top3_45_35_20_fastm5_overseas_gold_ma200_ret12_deftop2,进攻top3_45_35_20｜2/4指数5日<= -5%｜弱市纳指+标普+黄金 Top2｜MA200+12月正,False,top3_45_35_20,3,-0.05,overseas_gold,ma200_ret12,2,1.0,1.4804354532438628,0.19950736868870278,-0.3109502582781247,0.8961632674424858,0.40562801741723664,0.14818201380236196,-0.12932804270232467,0.7646457117449359,0.2517044541614524,-0.3109502582781247,0.9449880025169554,309
top3_45_35_20_fastm7_overseas_ma120_ret6_deftop1,进攻top3_45_35_20｜2/4指数5日<= -7%｜弱市纳指+标普 Top1｜MA120+6月正,False,top3_45_35_20,3,-0.07,overseas,ma120_ret6,1,1.0,1.6797212625727056,0.21821386663188358,-0.24784792613461037,0.9221438810769808,0.3024954990425768,0.11321748868962955,-0.24784792613461037,1.0573746815574285,0.3299960222068121,-0.2390150560243598,1.1323591665134405,220
top3_45_35_20_fastm7_overseas_ma120_ret6_deftop2,进攻top3_45_35_20｜2/4指数5日<= -7%｜弱市纳指+标普 Top2｜MA120+6月正,False,top3_45_35_20,3,-0.07,overseas,ma120_ret6,2,1.0,1.7532051418654735,0.22483116229016886,-0.2297498977887784,0.9499856826803003,0.3123403435601837,0.11662461294757054,-0.2297498977887784,1.0979353072362605,0.3402996571326604,-0.22931300685978806,1.158164273663404,232
top3_45_35_20_fastm7_overseas_ma200_ret12_deftop1,进攻top3_45_35_20｜2/4指数5日<= -7%｜弱市纳指+标普 Top1｜MA200+12月正,False,top3_45_35_20,3,-0.07,overseas,ma200_ret12,1,1.0,2.2513670831387405,0.26630853191159565,-0.23901505602436035,1.080274037630071,0.48868463343386614,0.1752468558287772,-0.1562887749640144,1.1840536337363763,0.3617837219107092,-0.23901505602436035,1.2083475705944022,221
top3_45_35_20_fastm7_overseas_ma200_ret12_deftop2,进攻top3_45_35_20｜2/4指数5日<= -7%｜弱市纳指+标普 Top2｜MA200+12月正,False,top3_45_35_20,3,-0.07,overseas,ma200_ret12,2,1.0,2.3759393358428404,0.2758784064769553,-0.22931300685978762,1.1194315590044275,0.5155142899346892,0.18379712573093943,-0.12932804270232467,1.2275866075722228,0.37244928811413613,-0.22931300685978762,1.2341730507306847,229
top3_45_35_20_fastm7_overseas_gold_ma120_ret6_deftop1,进攻top3_45_35_20｜2/4指数5日<= -7%｜弱市纳指+标普+黄金 Top1｜MA120+6月正,False,top3_45_35_20,3,-0.07,overseas_gold,ma120_ret6,1,1.0,1.5607771917467579,0.20718855180274898,-0.26142193474213016,0.8813595782364964,0.2637752873558987,0.09966655730360818,-0.1813301032358211,1.0262915546516802,0.3220165279357001,-0.26142193474213016,1.1066283868744393,239
top3_45_35_20_fastm7_overseas_gold_ma120_ret6_deftop2,进攻top3_45_35_20｜2/4指数5日<= -7%｜弱市纳指+标普+黄金 Top2｜MA120+6月正,False,top3_45_35_20,3,-0.07,overseas_gold,ma120_ret6,2,1.0,1.6822084690799293,0.21844020074935067,-0.2299245499231276,0.9257469998723437,0.25212829938786574,0.09554229968361949,-0.19670312971776704,1.1421195179369352,0.35138761963051013,-0.2299245499231276,1.1833287207304986,259
top3_45_35_20_fastm7_overseas_gold_ma200_ret12_deftop1,进攻top3_45_35_20｜2/4指数5日<= -7%｜弱市纳指+标普+黄金 Top1｜MA200+12月正,False,top3_45_35_20,3,-0.07,overseas_gold,ma200_ret12,1,1.0,1.9619886507421302,0.24289094101295094,-0.2614219347421298,0.9952195424706458,0.38353346629739105,0.14082310213121563,-0.1562887749640144,1.1408868834008024,0.3510801767792655,-0.2614219347421298,1.176840191863887,243
top3_45_35_20_fastm7_overseas_gold_ma200_ret12_deftop2,进攻top3_45_35_20｜2/4指数5日<= -7%｜弱市纳指+标普+黄金 Top2｜MA200+12月正,False,top3_45_35_20,3,-0.07,overseas_gold,ma200_ret12,2,1.0,2.388626186527988,0.2768371053516978,-0.2299245499231275,1.1127997747071132,0.4414175847766293,0.1599578286261476,-0.12932804270232467,1.3508983255904359,0.4019930051665548,-0.2299245499231275,1.3040984613976405,262
top3_45_35_20_fastm9_overseas_ma120_ret6_deftop1,进攻top3_45_35_20｜2/4指数5日<= -9%｜弱市纳指+标普 Top1｜MA120+6月正,False,top3_45_35_20,3,-0.09,overseas,ma120_ret6,1,1.0,1.7584852061632703,0.22530117484736523,-0.25284010485904274,0.9387968885803555,0.3024954990425768,0.11321748868962955,-0.24784792613461037,1.1178462483678029,0.34531358563426173,-0.25284010485904274,1.1597924293411492,199
top3_45_35_20_fastm9_overseas_ma120_ret6_deftop2,进攻top3_45_35_20｜2/4指数5日<= -9%｜弱市纳指+标普 Top2｜MA120+6月正,False,top3_45_35_20,3,-0.09,overseas,ma120_ret6,2,1.0,1.8237230623039502,0.2310498589894201,-0.24609259412251383,0.9630458253422013,0.3123403435601837,0.11662461294757054,-0.2297498977887784,1.1516697830408922,0.35376602289238956,-0.24609259412251383,1.1795657597738518,207
top3_45_35_20_fastm9_overseas_ma200_ret12_deftop1,进攻top3_45_35_20｜2/4指数5日<= -9%｜弱市纳指+标普 Top1｜MA200+12月正,False,top3_45_35_20,3,-0.09,overseas,ma200_ret12,1,1.0,2.3469331769356385,0.2736756446225723,-0.2528401048590423,1.0954250842186017,0.48868463343386614,0.1752468558287772,-0.1562887749640144,1.2482486228231253,0.37746738425747717,-0.2528401048590423,1.2347005083545484,200
top3_45_35_20_fastm9_overseas_ma200_ret12_deftop2,进攻top3_45_35_20｜2/4指数5日<= -9%｜弱市纳指+标普 Top2｜MA200+12月正,False,top3_45_35_20,3,-0.09,overseas,ma200_ret12,2,1.0,2.4624073646395526,0.2823562795743122,-0.2460925941225135,1.130732533626187,0.5155142899346892,0.18379712573093943,-0.12932804270232467,1.2846418457649547,0.38623867021392955,-0.2460925941225135,1.2544717990710452,204
top3_45_35_20_fastm9_overseas_gold_ma120_ret6_deftop1,进攻top3_45_35_20｜2/4指数5日<= -9%｜弱市纳指+标普+黄金 Top1｜MA120+6月正,False,top3_45_35_20,3,-0.09,overseas_gold,ma120_ret6,1,1.0,1.5619866270167293,0.20730270007189078,-0.2702221056214187,0.8772119974922135,0.2637752873558987,0.09966655730360818,-0.1813301032358211,1.0272485564874274,0.3222633045314489,-0.2702221056214187,1.0989273940414144,218
top3_45_35_20_fastm9_overseas_gold_ma120_ret6_deftop2,进攻top3_45_35_20｜2/4指数5日<= -9%｜弱市纳指+标普+黄金 Top2｜MA120+6月正,False,top3_45_35_20,3,-0.09,overseas_gold,ma120_ret6,2,1.0,1.6736224972144056,0.21765817119098352,-0.24189376441579802,0.9178019622589417,0.25212829938786574,0.09554229968361949,-0.19670312971776704,1.1352624156178508,0.3496759656500501,-0.24189376441579802,1.1691294594311192,234
top3_45_35_20_fastm9_overseas_gold_ma200_ret12_deftop1,进攻top3_45_35_20｜2/4指数5日<= -9%｜弱市纳指+标普+黄金 Top1｜MA200+12月正,False,top3_45_35_20,3,-0.09,overseas_gold,ma200_ret12,1,1.0,1.8047662224034289,0.2293904482416227,-0.2702221056214187,0.9490229791388806,0.38353346629739105,0.14082310213121563,-0.1562887749640144,1.0272485564874247,0.32226330453144825,-0.2702221056214187,1.098927394041414,220
top3_45_35_20_fastm9_overseas_gold_ma200_ret12_deftop2,进攻top3_45_35_20｜2/4指数5日<= -9%｜弱市纳指+标普+黄金 Top2｜MA200+12月正,False,top3_45_35_20,3,-0.09,overseas_gold,ma200_ret12,2,1.0,2.196976420298464,0.26203794021012494,-0.2418937644157979,1.0620421531405493,0.4414175847766293,0.1599578286261476,-0.12932804270232467,1.217939099718897,0.3700965979004962,-0.2418937644157979,1.2195757818484212,235
top3_40_40_20_fastoff_overseas_ma120_ret6_deftop1,进攻top3_40_40_20｜无紧急闸门｜弱市纳指+标普 Top1｜MA120+6月正,False,top3_40_40_20,3,0.0,overseas,ma120_ret6,1,1.0,2.5913992795793237,0.291783484099299,-0.2569137855227476,1.1115484567134717,0.29277737554799876,0.1098391799995515,-0.2569137855227476,1.7780492972016595,0.49763831991933216,-0.19573922611525651,1.453097642272094,179
top3_40_40_20_fastoff_overseas_ma120_ret6_deftop2,进攻top3_40_40_20｜无紧急闸门｜弱市纳指+标普 Top2｜MA120+6月正,False,top3_40_40_20,3,0.0,overseas,ma120_ret6,2,1.0,2.6591338442461825,0.2966257748889487,-0.23492819190731185,1.1318509616839918,0.30254876613438,0.11323596457310359,-0.23492819190731185,1.8092106333227918,0.504256441030341,-0.19573922611525663,1.4649880976674723,184
top3_40_40_20_fastoff_overseas_ma200_ret12_deftop1,进攻top3_40_40_20｜无紧急闸门｜弱市纳指+标普 Top1｜MA200+12月正,False,top3_40_40_20,3,0.0,overseas,ma200_ret12,1,1.0,3.3633019601108662,0.34313882474744895,-0.19573922611525651,1.2629103007775766,0.477577323563831,0.1716803050816207,-0.1608164928586594,1.953010912205146,0.5342357935739088,-0.19573922611525651,1.5241286618173555,180
top3_40_40_20_fastoff_overseas_ma200_ret12_deftop2,进攻top3_40_40_20｜无紧急闸门｜弱市纳指+标普 Top2｜MA200+12月正,False,top3_40_40_20,3,0.0,overseas,ma200_ret12,2,1.0,3.492722097907656,0.3510234651895592,-0.1957392261152564,1.293781599755239,0.5042067997835045,0.1802046272678992,-0.12932804270232467,1.9867715652889473,0.5411455298251859,-0.1957392261152564,1.5360326553138308,181
top3_40_40_20_fastoff_overseas_gold_ma120_ret6_deftop1,进攻top3_40_40_20｜无紧急闸门｜弱市纳指+标普+黄金 Top1｜MA120+6月正,False,top3_40_40_20,3,0.0,overseas_gold,ma120_ret6,1,1.0,2.0941474086867626,0.2538027603982467,-0.19573922611525651,0.99524225099034,0.25434844893877306,0.09633021882511894,-0.1911961775590474,1.4667367439283163,0.4289041202687178,-0.19573922611525651,1.3009940666170652,196
top3_40_40_20_fastoff_overseas_gold_ma120_ret6_deftop2,进攻top3_40_40_20｜无紧急闸门｜弱市纳指+标普+黄金 Top2｜MA120+6月正,False,top3_40_40_20,3,0.0,overseas_gold,ma120_ret6,2,1.0,2.213859370084599,0.2633697172499554,-0.20210207438309014,1.0310810043703178,0.24278833897406837,0.092218474015765,-0.20210207438309014,1.5860070209040305,0.4558254424406101,-0.1957392261152564,1.3610439301721566,209
top3_40_40_20_fastoff_overseas_gold_ma200_ret12_deftop1,进攻top3_40_40_20｜无紧急闸门｜弱市纳指+标普+黄金 Top1｜MA200+12月正,False,top3_40_40_20,3,0.0,overseas_gold,ma200_ret12,1,1.0,2.387333497987407,0.2767395530813803,-0.19573922611525663,1.0641707746502005,0.3732042976718415,0.13735886402682995,-0.1608164928586594,1.466736743928315,0.4289041202687176,-0.19573922611525663,1.3009940666170576,198
top3_40_40_20_fastoff_overseas_gold_ma200_ret12_deftop2,进攻top3_40_40_20｜无紧急闸门｜弱市纳指+标普+黄金 Top2｜MA200+12月正,False,top3_40_40_20,3,0.0,overseas_gold,ma200_ret12,2,1.0,2.8429378611762064,0.30941380411953556,-0.19573922611525651,1.1694447802566794,0.43065626554895875,0.15643548576518995,-0.12932804270232467,1.6861363932877533,0.47785211901894264,-0.19573922611525651,1.408651538557213,210
top3_40_40_20_fastm5_overseas_ma120_ret6_deftop1,进攻top3_40_40_20｜2/4指数5日<= -5%｜弱市纳指+标普 Top1｜MA120+6月正,False,top3_40_40_20,3,-0.05,overseas,ma120_ret6,1,1.0,1.2056856612833546,0.17163808364677435,-0.3093005355660149,0.791578291628281,0.2815741136483565,0.10592581507641774,-0.2569137855227476,0.721075385179448,0.23939534437292398,-0.3093005355660149,0.9124887032488959,248
top3_40_40_20_fastm5_overseas_ma120_ret6_deftop2,进攻top3_40_40_20｜2/4指数5日<= -5%｜弱市纳指+标普 Top2｜MA120+6月正,False,top3_40_40_20,3,-0.05,overseas,ma120_ret6,2,1.0,1.2533290173023177,0.17666264799764653,-0.2985143139128841,0.815384102078281,0.27981976898435623,0.10531117395195078,-0.23492819190731185,0.7606612055153064,0.2505864747956168,-0.2985143139128841,0.9442174821585024,269
top3_40_40_20_fastm5_overseas_ma200_ret12_deftop1,进攻top3_40_40_20｜2/4指数5日<= -5%｜弱市纳指+标普 Top1｜MA200+12月正,False,top3_40_40_20,3,-0.05,overseas,ma200_ret12,1,1.0,1.596284995161366,0.21052203083898968,-0.30930053556601445,0.9298561353337489,0.4366711825224763,0.15840619197557193,-0.1608164928586594,0.8071532489451518,0.26353743737461177,-0.30930053556601445,0.9743305067555557,250
top3_40_40_20_fastm5_overseas_ma200_ret12_deftop2,进攻top3_40_40_20｜2/4指数5日<= -5%｜弱市纳指+标普 Top2｜MA200+12月正,False,top3_40_40_20,3,-0.05,overseas,ma200_ret12,2,1.0,1.6918153640027276,0.21931284854395483,-0.2985143139128843,0.9689809826908646,0.46256343227506247,0.16683394104684424,-0.12932804270232467,0.8404776877372941,0.2726968954604905,-0.2985143139128843,0.9997580675713735,266
top3_40_40_20_fastm5_overseas_gold_ma120_ret6_deftop1,进攻top3_40_40_20｜2/4指数5日<= -5%｜弱市纳指+标普+黄金 Top1｜MA120+6月正,False,top3_40_40_20,3,-0.05,overseas_gold,ma120_ret6,1,1.0,0.7722634359217526,0.12141657289380037,-0.363147248098842,0.6010964321570035,0.2234587775971031,0.0852921813094365,-0.1911961775590474,0.44856816459522464,0.1577583115929453,-0.363147248098842,0.6625930212086428,268
top3_40_40_20_fastm5_overseas_gold_ma120_ret6_deftop2,进攻top3_40_40_20｜2/4指数5日<= -5%｜弱市纳指+标普+黄金 Top2｜MA120+6月正,False,top3_40_40_20,3,-0.05,overseas_gold,ma120_ret6,2,1.0,1.0060512731752227,0.14959005149277904,-0.3145611102587681,0.7148224894807822,0.2220903916219208,0.08479939568543604,-0.20210207438309014,0.641491731649124,0.21641615899726196,-0.3145611102587681,0.8441765936615213,300
top3_40_40_20_fastm5_overseas_gold_ma200_ret12_deftop1,进攻top3_40_40_20｜2/4指数5日<= -5%｜弱市纳指+标普+黄金 Top1｜MA200+12月正,False,top3_40_40_20,3,-0.05,overseas_gold,ma200_ret12,1,1.0,1.0499139845524983,0.15458001559368628,-0.363147248098842,0.7203050948234285,0.33938767400882464,0.12590774319265696,-0.1608164928586594,0.5304859260180055,0.18320936385501208,-0.363147248098842,0.7364534651098611,272
top3_40_40_20_fastm5_overseas_gold_ma200_ret12_deftop2,进攻top3_40_40_20｜2/4指数5日<= -5%｜弱市纳指+标普+黄金 Top2｜MA200+12月正,False,top3_40_40_20,3,-0.05,overseas_gold,ma200_ret12,2,1.0,1.5036178878928945,0.20174393806308832,-0.3145611102587679,0.9012515764462411,0.39383842888019105,0.14426394238758222,-0.12932804270232467,0.796203803839947,0.26050563453410724,-0.3145611102587679,0.9663472639556383,304
top3_40_40_20_fastm7_overseas_ma120_ret6_deftop1,进攻top3_40_40_20｜2/4指数5日<= -7%｜弱市纳指+标普 Top1｜MA120+6月正,False,top3_40_40_20,3,-0.07,overseas,ma120_ret6,1,1.0,1.7098929366117996,0.22094820421771466,-0.2569137855227476,0.929616318854878,0.29277737554799876,0.1098391799995515,-0.2569137855227476,1.0961791162713501,0.3398560385168141,-0.2470660861220645,1.1548588509899143,213
top3_40_40_20_fastm7_overseas_ma120_ret6_deftop2,进攻top3_40_40_20｜2/4指数5日<= -7%｜弱市纳指+标普 Top2｜MA120+6月正,False,top3_40_40_20,3,-0.07,overseas,ma120_ret6,2,1.0,1.7865497836236495,0.2277873767405003,-0.23746314908833488,0.9581239272158308,0.30254876613438,0.11323596457310359,-0.23492819190731185,1.1393055339443388,0.35068560090566003,-0.23746314908833488,1.1817079671625481,225
top3_40_40_20_fastm7_overseas_ma200_ret12_deftop1,进攻top3_40_40_20｜2/4指数5日<= -7%｜弱市纳指+标普 Top1｜MA200+12月正,False,top3_40_40_20,3,-0.07,overseas,ma200_ret12,1,1.0,2.2923387096582766,0.2694879282499929,-0.24706608612206438,1.0882784924182,0.477577323563831,0.1716803050816207,-0.1608164928586594,1.2282006208090324,0.3725988157629361,-0.24706608612206438,1.2319811099895472,214
top3_40_40_20_fastm7_overseas_ma200_ret12_deftop2,进攻top3_40_40_20｜2/4指数5日<= -7%｜弱市纳指+标普 Top2｜MA200+12月正,False,top3_40_40_20,3,-0.07,overseas,ma200_ret12,2,1.0,2.42136071181087,0.2792975415010097,-0.2374631490883351,1.1280752258362976,0.5042067997835045,0.1802046272678992,-0.12932804270232467,1.2745281515169955,0.3838096550040746,-0.2374631490883351,1.2588365459133553,222
top3_40_40_20_fastm7_overseas_gold_ma120_ret6_deftop1,进攻top3_40_40_20｜2/4指数5日<= -7%｜弱市纳指+标普+黄金 Top1｜MA120+6月正,False,top3_40_40_20,3,-0.07,overseas_gold,ma120_ret6,1,1.0,1.5929950935675765,0.21021471226863286,-0.26495282171436163,0.8897773961468085,0.25434844893877306,0.09633021882511894,-0.1911961775590474,1.0672047673526048,0.33250436138168293,-0.26495282171436163,1.1305655280617002,232
top3_40_40_20_fastm7_overseas_gold_ma120_ret6_deftop2,进攻top3_40_40_20｜2/4指数5日<= -7%｜弱市纳指+标普+黄金 Top2｜MA120+6月正,False,top3_40_40_20,3,-0.07,overseas_gold,ma120_ret6,2,1.0,1.7182389632332349,0.22170027040627138,-0.23360338965771144,0.9348244672479255,0.24278833897406837,0.092218474015765,-0.20210207438309014,1.1872099037211457,0.3625613063849915,-0.23360338965771144,1.2082099492929157,252
top3_40_40_20_fastm7_overseas_gold_ma200_ret12_deftop1,进攻top3_40_40_20｜2/4指数5日<= -7%｜弱市纳指+标普+黄金 Top1｜MA200+12月正,False,top3_40_40_20,3,-0.07,overseas_gold,ma200_ret12,1,1.0,1.9992250567510257,0.24600416574648887,-0.2649528217143615,1.0033739717025245,0.3732042976718415,0.13735886402682995,-0.1608164928586594,1.184106954686912,0.36179686379895815,-0.2649528217143615,1.2004620374582133,236
top3_40_40_20_fastm7_overseas_gold_ma200_ret12_deftop2,进攻top3_40_40_20｜2/4指数5日<= -7%｜弱市纳指+标普+黄金 Top2｜MA200+12月正,False,top3_40_40_20,3,-0.07,overseas_gold,ma200_ret12,2,1.0,2.4341125928932232,0.2802509215040052,-0.23360338965771155,1.1214601947345477,0.43065626554895875,0.15643548576518995,-0.12932804270232467,1.4003757405525472,0.41358333312471274,-0.23360338965771155,1.3285134453850065,255
top3_40_40_20_fastm9_overseas_ma120_ret6_deftop1,进攻top3_40_40_20｜2/4指数5日<= -9%｜弱市纳指+标普 Top1｜MA120+6月正,False,top3_40_40_20,3,-0.09,overseas,ma120_ret6,1,1.0,1.8100112685307694,0.22985047527197877,-0.2569137855227476,0.9521971186542103,0.29277737554799876,0.1098391799995515,-0.2569137855227476,1.1736234882201786,0.3592092882904816,-0.25620163463975965,1.1921002055792023,195
top3_40_40_20_fastm9_overseas_ma120_ret6_deftop2,进攻top3_40_40_20｜2/4指数5日<= -9%｜弱市纳指+标普 Top2｜MA120+6月正,False,top3_40_40_20,3,-0.09,overseas,ma120_ret6,2,1.0,1.8788907428536592,0.2358288581938044,-0.24948107956824772,0.9771715584007212,0.30254876613438,0.11323596457310359,-0.23492819190731185,1.2101980499336276,0.368204347525122,-0.24948107956824772,1.2129065973323518,203
top3_40_40_20_fastm9_overseas_ma200_ret12_deftop1,进攻top3_40_40_20｜2/4指数5日<= -9%｜弱市纳指+标普 Top1｜MA200+12月正,False,top3_40_40_20,3,-0.09,overseas,ma200_ret12,1,1.0,2.413969868195499,0.27874367183583204,-0.25620163463975953,1.1094259780975628,0.477577323563831,0.1716803050816207,-0.1608164928586594,1.3105185858978947,0.3924240567998678,-0.25620163463975953,1.268107753168381,196
top3_40_40_20_fastm9_overseas_ma200_ret12_deftop2,进攻top3_40_40_20｜2/4指数5日<= -9%｜弱市纳指+标普 Top2｜MA200+12月正,False,top3_40_40_20,3,-0.09,overseas,ma200_ret12,2,1.0,2.5347319683401435,0.2876759453482287,-0.24948107956824805,1.1454493457070727,0.5042067997835045,0.1802046272678992,-0.12932804270232467,1.3498976130468798,0.4017570684661027,-0.24948107956824805,1.288899864998091,200
top3_40_40_20_fastm9_overseas_gold_ma120_ret6_deftop1,进攻top3_40_40_20｜2/4指数5日<= -9%｜弱市纳指+标普+黄金 Top1｜MA120+6月正,False,top3_40_40_20,3,-0.09,overseas_gold,ma120_ret6,1,1.0,1.613251305844075,0.21210197314138757,-0.27456158448868695,0.8915318742907405,0.25434844893877306,0.09633021882511894,-0.1911961775590474,1.0833535594156363,0.3366094327636937,-0.27456158448868695,1.1327163503056523,214
top3_40_40_20_fastm9_overseas_gold_ma120_ret6_deftop2,进攻top3_40_40_20｜2/4指数5日<= -9%｜弱市纳指+标普+黄金 Top2｜MA120+6月正,False,top3_40_40_20,3,-0.09,overseas_gold,ma120_ret6,2,1.0,1.7294149292170147,0.22270445754354706,-0.24639918642546932,0.9328600041647258,0.24278833897406837,0.092218474015765,-0.20210207438309014,1.196202558088184,0.36477303946099826,-0.24639918642546932,1.2039047078858964,230
top3_40_40_20_fastm9_overseas_gold_ma200_ret12_deftop1,进攻top3_40_40_20｜2/4指数5日<= -9%｜弱市纳指+标普+黄金 Top1｜MA200+12月正,False,top3_40_40_20,3,-0.09,overseas_gold,ma200_ret12,1,1.0,1.8608700613594786,0.23427590076931093,-0.2745615844886867,0.9632078628191726,0.3732042976718415,0.13735886402682995,-0.1608164928586594,1.0833535594156354,0.3366094327636935,-0.2745615844886867,1.1327163503056499,216
top3_40_40_20_fastm9_overseas_gold_ma200_ret12_deftop2,进攻top3_40_40_20｜2/4指数5日<= -9%｜弱市纳指+标普+黄金 Top2｜MA200+12月正,False,top3_40_40_20,3,-0.09,overseas_gold,ma200_ret12,2,1.0,2.263668618478331,0.2672664804338103,-0.24639918642546965,1.076842557757556,0.43065626554895875,0.15643548576518995,-0.12932804270232467,1.2812388251946913,0.3854220908284749,-0.24639918642546965,1.254210817401714,231
top3_equal_fastoff_overseas_ma120_ret6_deftop1,进攻top3_equal｜无紧急闸门｜弱市纳指+标普 Top1｜MA120+6月正,False,top3_equal,3,0.0,overseas,ma120_ret6,1,1.0,2.165055603010462,0.2595044844793073,-0.2728927441662916,1.0348892836609251,0.18986735561351686,0.0730990936987379,-0.2728927441662916,1.660007090772318,0.47215269324423903,-0.1994030888458308,1.4184140174671065,174
top3_equal_fastoff_overseas_ma120_ret6_deftop2,进攻top3_equal｜无紧急闸门｜弱市纳指+标普 Top2｜MA120+6月正,False,top3_equal,3,0.0,overseas,ma120_ret6,2,1.0,2.222047882979498,0.26401363737216554,-0.24380805621944668,1.0547749993089401,0.19886090616413354,0.07638343120732194,-0.24380805621944668,1.6875910845143318,0.4781684348247277,-0.1994030888458309,1.4295750917579093,179
top3_equal_fastoff_overseas_ma200_ret12_deftop1,进攻top3_equal｜无紧急闸门｜弱市纳指+标普 Top1｜MA200+12月正,False,top3_equal,3,0.0,overseas,ma200_ret12,1,1.0,2.823945958057775,0.30811540747518684,-0.1994030888458309,1.1873579848119153,0.35995652148394064,0.13289303184291645,-0.16921936131440862,1.8118148614671954,0.5048075191549106,-0.1994030888458309,1.4864770656178485,174
top3_equal_fastoff_overseas_ma200_ret12_deftop2,进攻top3_equal｜无紧急闸门｜弱市纳指+标普 Top2｜MA200+12月正,False,top3_equal,3,0.0,overseas,ma200_ret12,2,1.0,2.9340699207650256,0.3155736572613357,-0.1994030888458309,1.218160047645794,0.384466189621848,0.1411351650972994,-0.13243498440553358,1.8415789061916885,0.5110840559012766,-0.1994030888458309,1.4976836209672066,175
top3_equal_fastoff_overseas_gold_ma120_ret6_deftop1,进攻top3_equal｜无紧急闸门｜弱市纳指+标普+黄金 Top1｜MA120+6月正,False,top3_equal,3,0.0,overseas_gold,ma120_ret6,1,1.0,1.7116839973430902,0.2211097538820459,-0.20859038665109886,0.9125185703581998,0.15449446740200434,0.060036195909370704,-0.20859038665109886,1.348806403070323,0.401499726044805,-0.1994030888458307,1.2585423177586688,190
top3_equal_fastoff_overseas_gold_ma120_ret6_deftop2,进攻top3_equal｜无紧急闸门｜弱市纳指+标普+黄金 Top2｜MA120+6月正,False,top3_equal,3,0.0,overseas_gold,ma120_ret6,2,1.0,1.8134633994083633,0.2301528765700691,-0.2113650216916262,0.9480560583135611,0.14385461449023795,0.05606057045326618,-0.2113650216916262,1.4596337364623833,0.42727625169333416,-0.1994030888458309,1.3186044012984635,203
top3_equal_fastoff_overseas_gold_ma200_ret12_deftop1,进攻top3_equal｜无紧急闸门｜弱市纳指+标普+黄金 Top1｜MA200+12月正,False,top3_equal,3,0.0,overseas_gold,ma200_ret12,1,1.0,1.9685987946238392,0.24344587167554121,-0.1994030888458307,0.9833316961100746,0.263875469150344,0.09970193401455751,-0.16921936131440862,1.3488064030703253,0.40149972604480544,-0.1994030888458307,1.2585423177586694,192
top3_equal_fastoff_overseas_gold_ma200_ret12_deftop2,进攻top3_equal｜无紧急闸门｜弱市纳指+标普+黄金 Top2｜MA200+12月正,False,top3_equal,3,0.0,overseas_gold,ma200_ret12,2,1.0,2.364133820838199,0.2749837153526349,-0.1994030888458309,1.0902662743092764,0.31675334972311053,0.11814694594848985,-0.13243498440553358,1.5548701444698172,0.44887101619649017,-0.1994030888458309,1.3672461038639603,204
top3_equal_fastm5_overseas_ma120_ret6_deftop1,进攻top3_equal｜2/4指数5日<= -5%｜弱市纳指+标普 Top1｜MA120+6月正,False,top3_equal,3,-0.05,overseas,ma120_ret6,1,1.0,0.9626250430602004,0.14456302848710134,-0.3105367490509182,0.7011885543491975,0.18898308103920836,0.07277537182622762,-0.2728927441662916,0.650675332860754,0.2191017611977919,-0.3105367490509182,0.8596399701674766,243
top3_equal_fastm5_overseas_ma120_ret6_deftop2,进攻top3_equal｜2/4指数5日<= -5%｜弱市纳指+标普 Top2｜MA120+6月正,False,top3_equal,3,-0.05,overseas,ma120_ret6,2,1.0,1.0033515449589312,0.1492800810770425,-0.29957989776206595,0.723959297652784,0.18735548408512415,0.07217915474561432,-0.24380805621944668,0.6872382128276813,0.2297053480967277,-0.29957989776206595,0.8906257009753168,264
top3_equal_fastm5_overseas_ma200_ret12_deftop1,进攻top3_equal｜2/4指数5日<= -5%｜弱市纳指+标普 Top1｜MA200+12月正,False,top3_equal,3,-0.05,overseas,ma200_ret12,1,1.0,1.2967276294987338,0.18116613938996573,-0.31053674905091866,0.8384501234804573,0.3328709781478274,0.12368135651792,-0.16921936131440862,0.7231432502869051,0.23998377155847872,-0.31053674905091866,0.9166124451997889,243
top3_equal_fastm5_overseas_ma200_ret12_deftop2,进攻top3_equal｜2/4指数5日<= -5%｜弱市纳指+标普 Top2｜MA200+12月正,False,top3_equal,3,-0.05,overseas,ma200_ret12,2,1.0,1.3792563599192267,0.18954566812249496,-0.29957989776206606,0.8768375923011547,0.3568925000339862,0.13185647209862084,-0.13243498440553358,0.7534597323366685,0.24856198558679177,-0.29957989776206606,0.9413103867731678,259
top3_equal_fastm5_overseas_gold_ma120_ret6_deftop1,进攻top3_equal｜2/4指数5日<= -5%｜弱市纳指+标普+黄金 Top1｜MA120+6月正,False,top3_equal,3,-0.05,overseas_gold,ma120_ret6,1,1.0,0.5677922798575665,0.0942231130350506,-0.36960679572116506,0.5043364687204198,0.1350634560326076,0.05275910804795303,-0.20859038665109886,0.3812375612351029,0.13617962699645747,-0.36960679572116506,0.6008276546530477,261
top3_equal_fastm5_overseas_gold_ma120_ret6_deftop2,进攻top3_equal｜2/4指数5日<= -5%｜弱市纳指+标普+黄金 Top2｜MA120+6月正,False,top3_equal,3,-0.05,overseas_gold,ma120_ret6,2,1.0,0.7726434610473039,0.1214647209943498,-0.3215164863779857,0.617488609145457,0.13379393641934545,0.052281094326933175,-0.2113650216916262,0.5634617580029757,0.19322180936741273,-0.3215164863779857,0.7826760892435295,293
top3_equal_fastm5_overseas_gold_ma200_ret12_deftop1,进攻top3_equal｜2/4指数5日<= -5%｜弱市纳指+标普+黄金 Top1｜MA200+12月正,False,top3_equal,3,-0.05,overseas_gold,ma200_ret12,1,1.0,0.8133818119681342,0.1265789263571344,-0.36960679572116506,0.626223458849202,0.24260349314354124,0.09215254312953247,-0.16921936131440862,0.4593406681809953,0.16115409619497867,-0.36960679572116506,0.6759867987767503,265
top3_equal_fastm5_overseas_gold_ma200_ret12_deftop2,进攻top3_equal｜2/4指数5日<= -5%｜弱市纳指+标普+黄金 Top2｜MA200+12月正,False,top3_equal,3,-0.05,overseas_gold,ma200_ret12,2,1.0,1.2122835140603603,0.1723390529678961,-0.32151648637798613,0.8081070824846716,0.29311963534824836,0.10995841555037722,-0.13243498440553358,0.7108111682679485,0.23646823496560265,-0.32151648637798613,0.9069922003273675,297
top3_equal_fastm7_overseas_ma120_ret6_deftop1,进攻top3_equal｜2/4指数5日<= -7%｜弱市纳指+标普 Top1｜MA120+6月正,False,top3_equal,3,-0.07,overseas,ma120_ret6,1,1.0,1.3851449841976384,0.19013463344549852,-0.2728927441662916,0.8403909963830575,0.18986735561351686,0.0730990936987379,-0.2728927441662916,1.004546954704724,0.31639027064974234,-0.2539526580749659,1.1044350293531844,209
top3_equal_fastm7_overseas_ma120_ret6_deftop2,进攻top3_equal｜2/4指数5日<= -7%｜弱市纳指+标普 Top2｜MA120+6月正,False,top3_equal,3,-0.07,overseas,ma120_ret6,2,1.0,1.450560893878185,0.19660037785666562,-0.2442326039801933,0.8682935162812441,0.19886090616413354,0.07638343120732194,-0.24380805621944668,1.0440744053611537,0.32659063218373485,-0.2442326039801933,1.1306063928419416,221
top3_equal_fastm7_overseas_ma200_ret12_deftop1,进攻top3_equal｜2/4指数5日<= -7%｜弱市纳指+标普 Top1｜MA200+12月正,False,top3_equal,3,-0.07,overseas,ma200_ret12,1,1.0,1.8816757609079637,0.23606816696572785,-0.2539526580749659,0.9993606431766694,0.35995652148394064,0.13289303184291645,-0.16921936131440862,1.118946977631,0.3455899357380743,-0.2539526580749659,1.177562894477492,209
top3_equal_fastm7_overseas_ma200_ret12_deftop2,进攻top3_equal｜2/4指数5日<= -7%｜弱市纳指+标普 Top2｜MA200+12月正,False,top3_equal,3,-0.07,overseas,ma200_ret12,2,1.0,1.9920959145087704,0.24541052144797404,-0.24423260398019375,1.0388697653378949,0.384466189621848,0.1411351650972994,-0.13243498440553358,1.1611910330045898,0.3561308540413959,-0.24423260398019375,1.203823345475111,217
top3_equal_fastm7_overseas_gold_ma120_ret6_deftop1,进攻top3_equal｜2/4指数5日<= -7%｜弱市纳指+标普+黄金 Top1｜MA120+6月正,False,top3_equal,3,-0.07,overseas_gold,ma120_ret6,1,1.0,1.269571276162785,0.17835617052630925,-0.2753825176299365,0.7966286710663801,0.15449446740200434,0.060036195909370704,-0.20859038665109886,0.9658572130450078,0.30628760647258835,-0.2753825176299365,1.0744914043748197,227
top3_equal_fastm7_overseas_gold_ma120_ret6_deftop2,进攻top3_equal｜2/4指数5日<= -7%｜弱市纳指+标普+黄金 Top2｜MA120+6月正,False,top3_equal,3,-0.07,overseas_gold,ma120_ret6,2,1.0,1.3765452465159647,0.18927411741874933,-0.24448126808468473,0.8411429874577887,0.14385461449023795,0.05606057045326618,-0.2113650216916262,1.0776637313956883,0.33516526404591396,-0.24448126808468473,1.151912242576443,247
top3_equal_fastm7_overseas_gold_ma200_ret12_deftop1,进攻top3_equal｜2/4指数5日<= -7%｜弱市纳指+标普+黄金 Top1｜MA200+12月正,False,top3_equal,3,-0.07,overseas_gold,ma200_ret12,1,1.0,1.6250921923998773,0.2131997703610109,-0.2753825176299368,0.9132436801090305,0.263875469150344,0.09970193401455751,-0.16921936131440862,1.077018073754235,0.33500123486117506,-0.2753825176299368,1.1457181975197819,231
top3_equal_fastm7_overseas_gold_ma200_ret12_deftop2,进攻top3_equal｜2/4指数5日<= -7%｜弱市纳指+标普+黄金 Top2｜MA200+12月正,False,top3_equal,3,-0.07,overseas_gold,ma200_ret12,2,1.0,2.0023848303195044,0.24626691948724933,-0.2444812680846845,1.0326282421649506,0.31675334972311053,0.11814694594848985,-0.13243498440553358,1.280142162502075,0.385158781761918,-0.2444812680846845,1.2743851670798396,250
top3_equal_fastm9_overseas_ma120_ret6_deftop1,进攻top3_equal｜2/4指数5日<= -9%｜弱市纳指+标普 Top1｜MA120+6月正,False,top3_equal,3,-0.09,overseas,ma120_ret6,1,1.0,1.4858894295298772,0.2000350504807289,-0.2728927441662916,0.8695877497444916,0.18986735561351686,0.0730990936987379,-0.2728927441662916,1.0892155901261016,0.33809481699375965,-0.26414021176323654,1.1520274477846288,190
top3_equal_fastm9_overseas_ma120_ret6_deftop2,进攻top3_equal｜2/4指数5日<= -9%｜弱市纳指+标普 Top2｜MA120+6月正,False,top3_equal,3,-0.09,overseas,ma120_ret6,2,1.0,1.5446905166369858,0.20566615207398953,-0.2572899776587366,0.8940491355167522,0.19886090616413354,0.07638343120732194,-0.24380805621944668,1.1225902884588663,0.34650401002495723,-0.2572899776587366,1.1721514752436921,198
top3_equal_fastm9_overseas_ma200_ret12_deftop1,进攻top3_equal｜2/4指数5日<= -9%｜弱市纳指+标普 Top1｜MA200+12月正,False,top3_equal,3,-0.09,overseas,ma200_ret12,1,1.0,2.0033928171386957,0.24635069298675893,-0.26414021176323643,1.0274585633420616,0.35995652148394064,0.13289303184291645,-0.16921936131440862,1.2084476743870387,0.36777592402090686,-0.26414021176323643,1.224287811151103,190
top3_equal_fastm9_overseas_ma200_ret12_deftop2,进攻top3_equal｜2/4指数5日<= -9%｜弱市纳指+标普 Top2｜MA200+12月正,False,top3_equal,3,-0.09,overseas,ma200_ret12,2,1.0,2.107026688273442,0.25484609476406384,-0.25728997765873673,1.063306641674981,0.384466189621848,0.1411351650972994,-0.13243498440553358,1.2442055368084453,0.3764876585020249,-0.25728997765873673,1.2444599914806238,194
top3_equal_fastm9_overseas_gold_ma120_ret6_deftop1,进攻top3_equal｜2/4指数5日<= -9%｜弱市纳指+标普+黄金 Top1｜MA120+6月正,False,top3_equal,3,-0.09,overseas_gold,ma120_ret6,1,1.0,1.2989828494603728,0.18139829828730325,-0.2801144675623637,0.8041835710164431,0.15449446740200434,0.060036195909370704,-0.20859038665109886,0.9913329291511002,0.31295319076074035,-0.2801144675623637,1.0861658593004486,208
top3_equal_fastm9_overseas_gold_ma120_ret6_deftop2,进攻top3_equal｜2/4指数5日<= -9%｜弱市纳指+标普+黄金 Top2｜MA120+6月正,False,top3_equal,3,-0.09,overseas_gold,ma120_ret6,2,1.0,1.3985039634768497,0.1914664655253675,-0.2521709656060843,0.8450939878086786,0.14385461449023795,0.05606057045326618,-0.2113650216916262,1.096860853724623,0.3400282739313494,-0.2521709656060843,1.1572686385597,224
top3_equal_fastm9_overseas_gold_ma200_ret12_deftop1,进攻top3_equal｜2/4指数5日<= -9%｜弱市纳指+标普+黄金 Top1｜MA200+12月正,False,top3_equal,3,-0.09,overseas_gold,ma200_ret12,1,1.0,1.5167968400653744,0.20300802785312633,-0.2801144675623639,0.8777031081348838,0.263875469150344,0.09970193401455751,-0.16921936131440862,0.9913329291510995,0.31295319076074013,-0.2801144675623639,1.0861658593004477,210
top3_equal_fastm9_overseas_gold_ma200_ret12_deftop2,进攻top3_equal｜2/4指数5日<= -9%｜弱市纳指+标普+黄金 Top2｜MA200+12月正,False,top3_equal,3,-0.09,overseas_gold,ma200_ret12,2,1.0,1.8679556679655862,0.2348874435583843,-0.25217096560608454,0.9928356682533024,0.31675334972311053,0.11814694594848985,-0.13243498440553358,1.1780507857213092,0.3603029719575981,-0.25217096560608454,1.2085138945624494,225
top4_equal_fastoff_overseas_ma120_ret6_deftop1,进攻top4_equal｜无紧急闸门｜弱市纳指+标普 Top1｜MA120+6月正,False,top4_equal,4,0.0,overseas,ma120_ret6,1,1.0,1.6087492641884111,0.21168353402882167,-0.27376173395939585,0.9095111960218671,0.08368491778970366,0.03315340807332667,-0.27376173395939585,1.4072949815609195,0.41519264718245363,-0.19568785467470373,1.3228173586763783,213
top4_equal_fastoff_overseas_ma120_ret6_deftop2,进攻top4_equal｜无紧急闸门｜弱市纳指+标普 Top2｜MA120+6月正,False,top4_equal,4,0.0,overseas,ma120_ret6,2,1.0,1.651557238417265,0.21563916471502886,-0.25379893977300827,0.9283264266506442,0.09187589390405937,0.0363154874285152,-0.25379893977300827,1.428441962333726,0.42009385640815977,-0.19568785467470384,1.3324791707754422,218
top4_equal_fastoff_overseas_ma200_ret12_deftop1,进攻top4_equal｜无紧急闸门｜弱市纳指+标普 Top1｜MA200+12月正,False,top4_equal,4,0.0,overseas,ma200_ret12,1,1.0,2.151950112370199,0.2584584227064288,-0.19568785467470373,1.067757349295223,0.23859551590269157,0.09072154072625271,-0.16994742195960377,1.5447775903443746,0.44660585172608647,-0.19568785467470373,1.3931017663889171,213
top4_equal_fastoff_overseas_ma200_ret12_deftop2,进攻top4_equal｜无紧急闸门｜弱市纳指+标普 Top2｜MA200+12月正,False,top4_equal,4,0.0,overseas,ma200_ret12,2,1.0,2.237633494110089,0.2652356355900001,-0.19568785467470373,1.0979395200053887,0.26091796854900795,0.09865686385862937,-0.14070030608585893,1.5676797181626112,0.45173820784445207,-0.19568785467470373,1.4028121591103582,214
top4_equal_fastoff_overseas_gold_ma120_ret6_deftop1,进攻top4_equal｜无紧急闸门｜弱市纳指+标普+黄金 Top1｜MA120+6月正,False,top4_equal,4,0.0,overseas_gold,ma120_ret6,1,1.0,1.2351411896685072,0.17475464144277142,-0.2108069534860434,0.78210528781993,0.05147342694422696,0.020578646535220457,-0.2108069534860434,1.125722944957567,0.3472892073671663,-0.19568785467470362,1.1572028116322828,229
top4_equal_fastoff_overseas_gold_ma120_ret6_deftop2,进攻top4_equal｜无紧急闸门｜弱市纳指+标普+黄金 Top2｜MA120+6月正,False,top4_equal,4,0.0,overseas_gold,ma120_ret6,2,1.0,1.315800860427792,0.1831238735545111,-0.22178102272129674,0.8171045289268976,0.04178301878792601,0.016751005118088358,-0.22178102272129674,1.2229205301523693,0.37131216581372484,-0.19568785467470373,1.21761112017796,242
top4_equal_fastoff_overseas_gold_ma200_ret12_deftop1,进攻top4_equal｜无紧急闸门｜弱市纳指+标普+黄金 Top1｜MA200+12月正,False,top4_equal,4,0.0,overseas_gold,ma200_ret12,1,1.0,1.4468709560621913,0.19623935913190782,-0.19568785467470362,0.8557725751589342,0.1510770779731283,0.05876165619381313,-0.16419675725468985,1.1257229449575687,0.34728920736716673,-0.19568785467470362,1.1572028116322859,231
top4_equal_fastoff_overseas_gold_ma200_ret12_deftop2,进攻top4_equal｜无紧急闸门｜弱市纳指+标普+黄金 Top2｜MA200+12月正,False,top4_equal,4,0.0,overseas_gold,ma200_ret12,2,1.0,1.7690251492655538,0.22623725557317842,-0.19568785467470373,0.9651291859652779,0.1992357120670636,0.07651998759220646,-0.1347470152324025,1.3089915697162833,0.3920602165434077,-0.19568785467470373,1.2679391685853845,243
top4_equal_fastm5_overseas_ma120_ret6_deftop1,进攻top4_equal｜2/4指数5日<= -5%｜弱市纳指+标普 Top1｜MA120+6月正,False,top4_equal,4,-0.05,overseas,ma120_ret6,1,1.0,0.71845263671104,0.11451398978071281,-0.2935438493992176,0.601983616412435,0.1000639852706362,0.03946239744857549,-0.27376173395939585,0.5621388025790779,0.19282259282256686,-0.2935438493992176,0.8010729894321201,311
top4_equal_fastm5_overseas_ma120_ret6_deftop2,进攻top4_equal｜2/4指数5日<= -5%｜弱市纳指+标普 Top2｜MA120+6月正,False,top4_equal,4,-0.05,overseas,ma120_ret6,2,1.0,0.751368692205566,0.11875647063790451,-0.2824463514005775,0.6235614362242007,0.09855810951825883,0.038884694741848636,-0.25379893977300827,0.5942431056046535,0.20245334355165046,-0.2824463514005775,0.8310597945092117,332
top4_equal_fastm5_overseas_ma200_ret12_deftop1,进攻top4_equal｜2/4指数5日<= -5%｜弱市纳指+标普 Top1｜MA200+12月正,False,top4_equal,4,-0.05,overseas,ma200_ret12,1,1.0,1.010877369856455,0.15014333150553827,-0.2935438493992176,0.7447575358195029,0.23317049066338047,0.08878020821657606,-0.16994742195960377,0.6306564137572814,0.21323582769594185,-0.2935438493992176,0.8603593969362142,311
top4_equal_fastm5_overseas_ma200_ret12_deftop2,进攻top4_equal｜2/4指数5日<= -5%｜弱市纳指+标普 Top2｜MA200+12月正,False,top4_equal,4,-0.05,overseas,ma200_ret12,2,1.0,1.0798763494664643,0.15793976005135502,-0.28244635140057694,0.7826390640275928,0.2553951713837903,0.09670140757840628,-0.14070030608585893,0.6567503180483558,0.22087333476680282,-0.28244635140057694,0.8837799266722944,327
top4_equal_fastm5_overseas_gold_ma120_ret6_deftop1,进攻top4_equal｜2/4指数5日<= -5%｜弱市纳指+标普+黄金 Top1｜MA120+6月正,False,top4_equal,4,-0.05,overseas_gold,ma120_ret6,1,1.0,0.3726818054294103,0.06548641150550583,-0.3576000302035329,0.39795504502094914,0.050181538953860017,0.02006957437367607,-0.2108069534860434,0.3070900168334796,0.11166685458419767,-0.3576000302035329,0.5324154360023569,329
top4_equal_fastm5_overseas_gold_ma120_ret6_deftop2,进攻top4_equal｜2/4指数5日<= -5%｜弱市纳指+标普+黄金 Top2｜MA120+6月正,False,top4_equal,4,-0.05,overseas_gold,ma120_ret6,2,1.0,0.5498832109761416,0.09170863022589404,-0.3085973895724867,0.51246582758654,0.04900695611084638,0.019606403597742572,-0.22178102272129674,0.4774765810155108,0.16683695302847346,-0.3085973895724867,0.7186571031785743,361
top4_equal_fastm5_overseas_gold_ma200_ret12_deftop1,进攻top4_equal｜2/4指数5日<= -5%｜弱市纳指+标普+黄金 Top1｜MA200+12月正,False,top4_equal,4,-0.05,overseas_gold,ma200_ret12,1,1.0,0.5877113108091592,0.09699295927033202,-0.35760003020353304,0.5251525690782505,0.14966281241499413,0.058233538065231016,-0.16419675725468985,0.3810234563245509,0.13611000541971485,-0.35760003020353304,0.6107154657719414,333
top4_equal_fastm5_overseas_gold_ma200_ret12_deftop2,进攻top4_equal｜2/4指数5日<= -5%｜弱市纳指+标普+黄金 Top2｜MA200+12月正,False,top4_equal,4,-0.05,overseas_gold,ma200_ret12,2,1.0,0.9342797773550298,0.14123358948636788,-0.30859738957248695,0.7116099271331441,0.19640059356551864,0.07548641312264315,-0.1347470152324025,0.6167492625446465,0.20913508266447312,-0.30859738957248695,0.8482459351627408,365
top4_equal_fastm7_overseas_ma120_ret6_deftop1,进攻top4_equal｜2/4指数5日<= -7%｜弱市纳指+标普 Top1｜MA120+6月正,False,top4_equal,4,-0.07,overseas,ma120_ret6,1,1.0,0.9723002243325001,0.1456906736117478,-0.27376173395939585,0.7036954893910176,0.08368491778970366,0.03315340807332667,-0.27376173395939585,0.8199941624685765,0.2670788521801075,-0.2404188193543917,0.9962878114377339,268
top4_equal_fastm7_overseas_ma120_ret6_deftop2,进攻top4_equal｜2/4指数5日<= -7%｜弱市纳指+标普 Top2｜MA120+6月正,False,top4_equal,4,-0.07,overseas,ma120_ret6,2,1.0,1.0232137147833358,0.15155280035496643,-0.25379893977300827,0.7305247396359731,0.09187589390405937,0.0363154874285152,-0.25379893977300827,0.8529704026610836,0.2761047458408219,-0.23066121241059512,1.0213236478039383,280
top4_equal_fastm7_overseas_ma200_ret12_deftop1,进攻top4_equal｜2/4指数5日<= -7%｜弱市纳指+标普 Top1｜MA200+12月正,False,top4_equal,4,-0.07,overseas,ma200_ret12,1,1.0,1.3829780741150737,0.1899180399436844,-0.24041881935439247,0.8690380457111927,0.23859551590269157,0.09072154072625271,-0.16994742195960377,0.9239356541496546,0.29520438827451767,-0.24041881935439247,1.072128163496544,268
top4_equal_fastm7_overseas_ma200_ret12_deftop2,进攻top4_equal｜2/4指数5日<= -7%｜弱市纳指+标普 Top2｜MA200+12月正,False,top4_equal,4,-0.07,overseas,ma200_ret12,2,1.0,1.4704067474527132,0.19853464709855606,-0.23066121241059523,0.9079912547416623,0.26091796854900795,0.09865686385862937,-0.14070030608585893,0.9592128981201808,0.30454057919471555,-0.23066121241059523,1.0972592465339681,276
top4_equal_fastm7_overseas_gold_ma120_ret6_deftop1,进攻top4_equal｜2/4指数5日<= -7%｜弱市纳指+标普+黄金 Top1｜MA120+6月正,False,top4_equal,4,-0.07,overseas_gold,ma120_ret6,1,1.0,0.8767875548507387,0.13435888582329203,-0.2650635570800324,0.6584125508819552,0.05147342694422696,0.020578646535220457,-0.2108069534860434,0.7849120165642463,0.2573673118202391,-0.2650635570800324,0.9650732013094224,286
top4_equal_fastm7_overseas_gold_ma120_ret6_deftop2,进攻top4_equal｜2/4指数5日<= -7%｜弱市纳指+标普+黄金 Top2｜MA120+6月正,False,top4_equal,4,-0.07,overseas_gold,ma120_ret6,2,1.0,0.9625079883390011,0.14454935853286766,-0.23372630702468833,0.7024510519592967,0.04178301878792601,0.016751005118088358,-0.22178102272129674,0.8837972523513609,0.2844549003731929,-0.23372630702468833,1.0433032631257573,306
top4_equal_fastm7_overseas_gold_ma200_ret12_deftop1,进攻top4_equal｜2/4指数5日<= -7%｜弱市纳指+标普+黄金 Top1｜MA200+12月正,False,top4_equal,4,-0.07,overseas_gold,ma200_ret12,1,1.0,1.170784822117044,0.16790200005986633,-0.2650635570800325,0.7803507616488096,0.1510770779731283,0.05876165619381313,-0.16419675725468985,0.885872687117935,0.28501410072262745,-0.2650635570800325,1.0391377821139958,290
top4_equal_fastm7_overseas_gold_ma200_ret12_deftop2,进攻top4_equal｜2/4指数5日<= -7%｜弱市纳指+标普+黄金 Top2｜MA200+12月正,False,top4_equal,4,-0.07,overseas_gold,ma200_ret12,2,1.0,1.4793202679862718,0.19939935830909872,-0.2337263070246881,0.9025761531516088,0.1992357120670636,0.07651998759220646,-0.1347470152324025,1.0674169748604214,0.3325584306709175,-0.2337263070246881,1.1704941384508145,309
top4_equal_fastm9_overseas_ma120_ret6_deftop1,进攻top4_equal｜2/4指数5日<= -9%｜弱市纳指+标普 Top1｜MA120+6月正,False,top4_equal,4,-0.09,overseas,ma120_ret6,1,1.0,1.0640418095789195,0.1561690580604882,-0.27376173395939585,0.7379358484410439,0.08368491778970366,0.03315340807332667,-0.27376173395939585,0.9046512281344312,0.29005691609436357,-0.24686596293452867,1.0509515776014993,239
top4_equal_fastm9_overseas_ma120_ret6_deftop2,进攻top4_equal｜2/4指数5日<= -9%｜弱市纳指+标普 Top2｜MA120+6月正,False,top4_equal,4,-0.09,overseas,ma120_ret6,2,1.0,1.1095492775174258,0.16122911434970266,-0.25379893977300827,0.7612673771715217,0.09187589390405937,0.0363154874285152,-0.25379893977300827,0.932041259721031,0.29735865344678825,-0.239992012985366,1.0697547260308549,247
top4_equal_fastm9_overseas_ma200_ret12_deftop1,进攻top4_equal｜2/4指数5日<= -9%｜弱市纳指+标普 Top1｜MA200+12月正,False,top4_equal,4,-0.09,overseas,ma200_ret12,1,1.0,1.4938223479379213,0.20080092392991356,-0.24686596293452923,0.901858552860123,0.23859551590269157,0.09072154072625271,-0.16994742195960377,1.0134275604255012,0.3186924996612639,-0.24686596293452923,1.1256852058394529,239
top4_equal_fastm9_overseas_ma200_ret12_deftop2,进攻top4_equal｜2/4指数5日<= -9%｜弱市纳指+标普 Top2｜MA200+12月正,False,top4_equal,4,-0.09,overseas,ma200_ret12,2,1.0,1.575825149455918,0.20860574203690474,-0.23999201298536565,0.9370504053952563,0.26091796854900795,0.09865686385862937,-0.14070030608585893,1.0428173867805448,0.32626809414112357,-0.23999201298536565,1.1445392413266315,243
top4_equal_fastm9_overseas_gold_ma120_ret6_deftop1,进攻top4_equal｜2/4指数5日<= -9%｜弱市纳指+标普+黄金 Top1｜MA120+6月正,False,top4_equal,4,-0.09,overseas_gold,ma120_ret6,1,1.0,0.9089333330356992,0.13822318140117695,-0.26334502129719317,0.6700063371314016,0.05147342694422696,0.020578646535220457,-0.2108069534860434,0.8154841426505726,0.265836753632118,-0.26334502129719317,0.9826614626069764,257
top4_equal_fastm9_overseas_gold_ma120_ret6_deftop2,进攻top4_equal｜2/4指数5日<= -9%｜弱市纳指+标普+黄金 Top2｜MA120+6月正,False,top4_equal,4,-0.09,overseas_gold,ma120_ret6,2,1.0,0.9887927496454503,0.14760272492709614,-0.23300419714540122,0.7103576217410522,0.04178301878792601,0.016751005118088358,-0.22178102272129674,0.9090278050023637,0.2912278833737476,-0.23300419714540122,1.0543100602749074,273
top4_equal_fastm9_overseas_gold_ma200_ret12_deftop1,进攻top4_equal｜2/4指数5日<= -9%｜弱市纳指+标普+黄金 Top1｜MA200+12月正,False,top4_equal,4,-0.09,overseas_gold,ma200_ret12,1,1.0,1.0897621820287715,0.1590397867219282,-0.26334502129719306,0.7465377886041601,0.1510770779731283,0.05876165619381313,-0.16419675725468985,0.8154841426505728,0.265836753632118,-0.26334502129719306,0.9826614626069764,259
top4_equal_fastm9_overseas_gold_ma200_ret12_deftop2,进攻top4_equal｜2/4指数5日<= -9%｜弱市纳指+标普+黄金 Top2｜MA200+12月正,False,top4_equal,4,-0.09,overseas_gold,ma200_ret12,2,1.0,1.3780184361050578,0.18942170583971984,-0.23300419714540088,0.8642420000442391,0.1992357120670636,0.07651998759220646,-0.1347470152324025,0.982944980854668,0.3107642532067407,-0.23300419714540088,1.1073348586492442,274
