date,code,side,price,shares,value,fee,signal_date,reason
2021-07-13,515700,BUY,3.1780,141449.9672,450000.00,472.50,2021-07-12,rebalance
2021-07-13,159995,BUY,0.7999,561946.8787,450000.00,472.50,2021-07-12,rebalance
2021-07-13,512400,BUY,1.3490,74051.2306,100000.00,105.00,2021-07-12,rebalance
2021-07-14,515700,SELL,3.1250,141449.9672,442031.15,464.13,2021-07-13,regime_switch
2021-07-14,159995,SELL,0.7603,561946.8787,427230.53,448.59,2021-07-13,regime_switch
2021-07-14,512400,SELL,1.3300,74051.2306,98488.14,103.41,2021-07-13,regime_switch
2021-07-14,513500,BUY,1.3639,354404.3545,483874.91,508.07,2021-07-13,regime_switch
2021-07-14,513100,BUY,0.9594,502752.9110,482858.77,507.00,2021-07-13,regime_switch
2021-09-23,513500,SELL,1.3792,354404.3545,488790.34,513.23,2021-09-22,regime_switch
2021-09-23,513100,SELL,0.9826,502752.9110,493990.56,518.69,2021-09-22,regime_switch
2021-09-23,515700,BUY,3.1500,140250.0092,442251.41,464.36,2021-09-22,regime_switch
2021-09-23,159930,BUY,1.1190,394805.6560,442251.41,464.36,2021-09-22,regime_switch
2021-09-23,512400,BUY,1.5600,62271.9031,97246.17,102.11,2021-09-22,regime_switch
2021-10-08,515700,SELL,3.0990,140250.0092,434634.78,456.37,2021-09-30,regime_switch
2021-10-08,159930,SELL,1.0520,394805.6560,415335.55,436.10,2021-09-30,regime_switch
2021-10-08,512400,SELL,1.4070,62271.9031,87616.57,92.00,2021-09-30,regime_switch
2021-10-08,513500,BUY,1.3756,340430.0903,468793.45,492.23,2021-09-30,regime_switch
2021-10-08,513100,BUY,0.9645,484528.7747,467808.98,491.20,2021-09-30,regime_switch
2021-10-15,513500,SELL,1.3817,340430.0903,470385.39,493.90,2021-10-14,regime_switch
2021-10-15,513100,SELL,0.9674,484528.7747,468732.13,492.17,2021-10-14,regime_switch
2021-10-15,515700,BUY,3.0220,139695.4384,422602.88,443.73,2021-10-14,regime_switch
2021-10-15,512400,BUY,1.4010,301327.3482,422602.88,443.73,2021-10-14,regime_switch
2021-10-15,159995,BUY,0.7441,124751.8228,92925.68,97.57,2021-10-14,regime_switch
2021-10-25,515700,SELL,3.2230,139695.4384,450238.40,472.75,2021-10-22,regime_switch
2021-10-25,512400,SELL,1.4050,301327.3482,423364.92,444.53,2021-10-22,regime_switch
2021-10-25,159995,SELL,0.7608,124751.8228,94906.00,99.65,2021-10-22,regime_switch
2021-10-25,513500,BUY,1.3950,346771.8459,484254.66,508.47,2021-10-22,regime_switch
2021-10-25,513100,BUY,0.9775,493835.4975,483237.72,507.40,2021-10-22,regime_switch
2022-02-09,513500,SELL,1.3812,346771.8459,478971.16,502.92,2022-02-08,rebalance
2022-02-09,513100,SELL,0.9600,493835.4975,474082.08,497.79,2022-02-08,rebalance
2022-06-28,159930,BUY,1.1220,381438.7413,428423.64,449.84,2022-06-27,regime_switch
2022-06-28,515790,BUY,1.6680,256579.2972,428423.64,449.84,2022-06-27,regime_switch
2022-06-28,516160,BUY,4.2753,22245.5668,95205.25,99.97,2022-06-27,regime_switch
2022-07-05,516160,SELL,4.3557,22245.5668,96895.78,101.74,2022-07-04,rebalance
2022-07-05,516780,BUY,0.6635,145725.2653,96794.04,101.63,2022-07-04,rebalance
2022-07-13,159930,SELL,1.0830,381438.7413,413098.16,433.75,2022-07-12,regime_switch
2022-07-13,515790,SELL,1.6700,256579.2972,428487.43,449.91,2022-07-12,regime_switch
2022-07-13,516780,SELL,0.6295,145725.2653,91730.18,96.32,2022-07-12,regime_switch
2022-08-18,159930,BUY,1.1710,357908.6551,419551.10,440.53,2022-08-17,regime_switch
2022-08-18,515790,BUY,1.8210,230154.3301,419551.10,440.53,2022-08-17,regime_switch
2022-08-18,516160,BUY,4.2913,21703.1533,93233.58,97.90,2022-08-17,regime_switch
2022-08-26,159930,SELL,1.2810,357908.6551,458480.99,481.41,2022-08-25,regime_switch
2022-08-26,515790,SELL,1.7450,230154.3301,401619.31,421.70,2022-08-25,regime_switch
2022-08-26,516160,SELL,4.0628,21703.1533,88175.06,92.58,2022-08-25,regime_switch
2023-03-03,515230,BUY,0.9480,449186.4250,426275.85,447.59,2023-03-02,rebalance
2023-03-03,159869,BUY,0.9520,447299.0871,426275.85,447.59,2023-03-02,rebalance
2023-03-03,159930,BUY,1.1450,82645.0715,94727.97,99.46,2023-03-02,rebalance
2023-04-06,515230,SELL,1.1500,345985.2710,397883.06,417.78,2023-04-04,rebalance
2023-04-06,159869,SELL,1.2830,31035.6639,39818.76,41.81,2023-04-04,rebalance
2023-04-06,159930,SELL,1.1660,82645.0715,96364.15,101.18,2023-04-04,rebalance
2023-04-06,512980,BUY,0.8600,619704.1973,533505.20,560.18,2023-04-04,rebalance
2023-05-08,515230,SELL,1.0100,103201.1540,104233.17,109.44,2023-05-05,rebalance
2023-05-08,159869,SELL,1.5380,21843.9242,33595.96,35.28,2023-05-05,rebalance
2023-05-08,159819,BUY,0.8670,155319.9819,134803.82,141.54,2023-05-05,rebalance
2023-05-12,159869,SELL,1.4500,394419.4989,571908.27,600.50,2023-05-11,regime_switch
2023-05-12,512980,SELL,0.9540,619704.1973,591197.80,620.76,2023-05-11,regime_switch
2023-05-12,159819,SELL,0.8530,155319.9819,132487.94,139.11,2023-05-11,regime_switch
2023-05-12,513100,BUY,0.9470,684853.5557,649237.30,681.70,2023-05-11,regime_switch
2023-05-12,513500,BUY,1.3540,477989.1953,647876.93,680.27,2023-05-11,regime_switch
2024-02-05,513100,SELL,1.2950,28319.5924,36673.87,38.51,2024-02-02,rebalance
2024-02-05,513500,BUY,1.7020,21502.3136,36635.36,38.47,2024-02-02,rebalance
2024-03-13,513100,SELL,1.3350,58031.4160,77471.94,81.35,2024-03-12,regime_switch
2024-03-13,513500,SELL,1.8000,55602.1196,100083.82,105.09,2024-03-12,regime_switch
2024-03-13,159930,BUY,1.4240,124426.4605,177369.32,186.24,2024-03-12,regime_switch
2024-03-21,159930,SELL,1.4300,124426.4605,177929.84,186.83,2024-03-20,regime_switch
2024-03-21,513100,BUY,1.3370,66189.5596,88588.36,93.02,2024-03-20,regime_switch
2024-03-21,513500,BUY,1.8010,49450.9365,89154.65,93.61,2024-03-20,regime_switch
2024-04-02,513100,SELL,1.3370,59392.3250,79407.54,83.38,2024-04-01,regime_switch
2024-04-02,513500,SELL,1.8440,54465.1585,100433.75,105.46,2024-04-01,regime_switch
2024-04-02,159930,BUY,1.4460,124110.6640,179652.46,188.64,2024-04-01,regime_switch
2024-04-12,159930,SELL,1.5060,124110.6640,186910.66,196.26,2024-04-11,regime_switch
2024-04-12,513100,BUY,1.3420,61415.5915,82506.26,86.63,2024-04-11,regime_switch
2024-04-12,513500,BUY,1.8010,57800.5750,104208.14,109.42,2024-04-11,regime_switch
2024-04-29,513100,SELL,1.3010,64679.4817,84148.01,88.36,2024-04-26,regime_switch
2024-04-29,513500,SELL,1.7580,51141.7860,89907.26,94.40,2024-04-26,regime_switch
2024-04-29,159930,BUY,1.4800,117358.1979,173872.51,182.57,2024-04-26,regime_switch
2024-06-12,159930,SELL,1.4950,117358.1979,175450.51,184.22,2024-06-11,regime_switch
2024-06-12,513100,BUY,1.4080,61198.6503,86258.18,90.57,2024-06-11,regime_switch
2024-06-12,513500,BUY,1.8960,46895.9634,89008.11,93.46,2024-06-11,regime_switch
2024-06-19,513100,SELL,1.4610,75994.6345,111028.16,116.58,2024-06-18,regime_switch
2024-06-19,513500,SELL,1.9040,41821.9865,79629.06,83.61,2024-06-18,regime_switch
2024-06-19,159930,BUY,1.4880,127861.0639,190457.03,199.98,2024-06-18,regime_switch
2024-06-27,159930,SELL,1.4850,127861.0639,189873.68,199.37,2024-06-26,regime_switch
2024-06-27,513100,BUY,1.4500,72131.4857,104700.47,109.94,2024-06-26,regime_switch
2024-06-27,513500,BUY,1.9330,43913.4553,84973.84,89.22,2024-06-26,regime_switch
2024-09-27,513100,SELL,1.4260,526850.7289,751289.14,788.85,2024-09-26,regime_switch
2024-09-27,513500,SELL,1.9200,494521.3885,949481.07,996.96,2024-09-26,regime_switch
2024-09-27,513050,BUY,1.2030,706145.5817,850385.10,892.90,2024-09-26,regime_switch
2024-09-27,512800,BUY,0.6841,1239132.9627,848599.29,891.03,2024-09-26,regime_switch
2024-10-10,513100,SELL,1.4390,132520.6643,190697.24,200.23,2024-10-09,rebalance
2024-10-10,513050,SELL,1.2800,706145.5817,903866.34,949.06,2024-10-09,rebalance
2024-10-10,512800,SELL,0.6766,1239132.9627,838420.93,880.34,2024-10-09,rebalance
2024-10-10,588200,BUY,1.4400,603424.0648,869843.03,913.34,2024-10-09,rebalance
2024-10-10,513090,BUY,1.5200,571664.9035,869843.03,913.34,2024-10-09,rebalance
2024-10-10,512880,BUY,1.2000,159223.4966,191268.82,200.83,2024-10-09,rebalance
2024-11-05,512880,SELL,1.2000,159223.4966,191068.20,200.62,2024-11-04,rebalance
2024-11-05,512070,BUY,0.8390,223749.1415,187922.64,197.32,2024-11-04,rebalance
2024-12-04,512070,SELL,0.8410,223749.1415,188173.03,197.58,2024-12-03,rebalance
2024-12-04,512880,BUY,1.2230,155944.4996,190920.38,200.47,2024-12-03,rebalance
2025-01-06,512880,SELL,1.0690,155944.4996,166704.67,175.04,2025-01-03,rebalance
2025-01-06,512070,BUY,0.7520,221216.6987,166529.63,174.86,2025-01-03,rebalance
2025-02-07,588200,SELL,1.5130,28760.1262,43514.07,45.69,2025-02-06,rebalance
2025-02-07,512070,SELL,0.7670,221216.6987,169673.21,178.16,2025-02-06,rebalance
2025-02-07,515230,BUY,0.8640,223393.6617,193214.79,202.88,2025-02-06,rebalance
2025-03-05,515230,SELL,0.9090,223393.6617,203064.84,213.22,2025-03-04,rebalance
2025-03-05,513130,BUY,0.7530,275170.1074,207420.65,217.79,2025-03-04,rebalance
2025-04-03,513130,SELL,0.7160,275170.1074,197021.80,206.87,2025-04-02,rebalance
2025-04-03,512480,BUY,0.5082,387000.5991,196893.99,206.74,2025-04-02,rebalance
2025-04-22,588200,SELL,1.5650,574663.9386,899349.06,944.32,2025-04-21,regime_switch
2025-04-22,513090,SELL,1.4260,571664.9035,815194.15,855.95,2025-04-21,regime_switch
2025-04-22,512480,SELL,0.5161,387000.5991,199719.26,209.71,2025-04-21,regime_switch
2025-04-29,588200,BUY,1.5370,563694.9589,867308.87,910.67,2025-04-28,regime_switch
2025-04-29,513120,BUY,0.9310,930611.3338,867308.87,910.67,2025-04-28,regime_switch
2025-04-29,513130,BUY,0.6830,281893.3307,192735.30,202.37,2025-04-28,regime_switch
2025-05-08,513120,SELL,0.9000,930611.3338,837550.20,879.43,2025-05-07,rebalance
2025-05-08,513130,BUY,0.7030,950198.0952,668690.65,702.13,2025-05-07,rebalance
2025-05-08,513050,BUY,1.3850,121158.0714,167980.12,176.38,2025-05-07,rebalance
2025-05-12,588200,SELL,1.5330,563694.9589,864144.37,907.35,2025-05-09,regime_switch
2025-05-12,513130,SELL,0.7150,1232091.4259,880945.37,924.99,2025-05-09,regime_switch
2025-05-12,513050,SELL,1.4200,121158.0714,172044.46,180.65,2025-05-09,regime_switch
2025-05-19,513130,BUY,0.7020,1226354.1307,861804.55,904.89,2025-05-16,regime_switch
2025-05-19,513120,BUY,0.9030,953378.2943,861804.55,904.89,2025-05-16,regime_switch
2025-05-19,588200,BUY,1.5090,126780.1487,191512.12,201.09,2025-05-16,regime_switch
2025-05-28,513130,SELL,0.6930,1226354.1307,849863.41,892.36,2025-05-27,regime_switch
2025-05-28,513120,SELL,0.9850,953378.2943,939077.62,986.03,2025-05-27,regime_switch
2025-05-28,588200,SELL,1.4700,126780.1487,186366.82,195.69,2025-05-27,regime_switch
2025-05-28,513100,BUY,1.5680,1257119.9334,1973233.78,2071.90,2025-05-27,regime_switch
2025-06-10,513100,SELL,1.5810,1257119.9334,1987506.61,2086.88,2025-06-09,regime_switch
2025-06-10,513120,BUY,1.1360,786478.7542,894377.98,939.10,2025-06-09,regime_switch
2025-06-10,513090,BUY,1.6540,540169.2048,894377.98,939.10,2025-06-09,regime_switch
2025-06-10,513130,BUY,0.7230,271725.4483,196663.78,206.50,2025-06-09,regime_switch
2025-06-18,513120,SELL,1.1210,786478.7542,881642.68,925.72,2025-06-17,regime_switch
2025-06-18,513090,SELL,1.7100,540169.2048,923689.34,969.87,2025-06-17,regime_switch
2025-06-18,513130,SELL,0.7020,271725.4483,190751.26,200.29,2025-06-17,regime_switch
2025-06-18,513100,BUY,1.5680,1270341.7795,1993987.40,2093.69,2025-06-17,regime_switch
2025-06-25,513100,SELL,1.5960,1270341.7795,2027465.48,2128.84,2025-06-24,regime_switch
2025-06-25,513120,BUY,1.1700,778976.4901,912359.47,957.98,2025-06-24,regime_switch
2025-06-25,513090,BUY,1.7470,521695.7604,912359.47,957.98,2025-06-24,regime_switch
2025-06-25,512800,BUY,0.8610,232756.9629,200617.71,210.65,2025-06-24,regime_switch
2025-08-05,512800,SELL,0.8570,232756.9629,199472.72,209.45,2025-08-04,rebalance
2025-08-05,159869,BUY,1.3210,150684.5298,199263.27,209.23,2025-08-04,rebalance
2025-09-03,513090,SELL,2.2740,406645.6555,924712.22,970.95,2025-09-02,rebalance
2025-09-03,159869,SELL,1.4300,150684.5298,215478.88,226.25,2025-09-02,rebalance
2025-09-03,515880,BUY,0.4347,2617191.6260,1138993.90,1195.94,2025-09-02,rebalance
2025-10-13,513120,SELL,1.4120,778976.4901,1099914.80,1154.91,2025-10-10,rebalance
2025-10-13,588200,BUY,2.3580,465482.3603,1098759.89,1153.70,2025-10-10,rebalance
2025-11-05,513090,SELL,2.1600,115050.1049,248508.23,260.93,2025-11-04,rebalance
2025-11-05,515880,SELL,0.4500,136244.3748,61313.74,64.38,2025-11-04,rebalance
2025-11-05,588200,SELL,2.2660,465482.3603,1054783.03,1107.52,2025-11-04,rebalance
2025-11-05,159819,BUY,1.4350,777229.2046,1116495.00,1172.32,2025-11-04,rebalance
2025-11-05,159755,BUY,1.0280,239706.6392,246677.16,259.01,2025-11-04,rebalance
2025-12-03,159819,SELL,1.4620,601918.8443,880005.35,924.01,2025-12-02,rebalance
2025-12-03,159755,SELL,1.0400,239706.6392,249294.90,261.76,2025-12-02,rebalance
2025-12-03,512400,BUY,1.7320,650653.1247,1128114.49,1184.52,2025-12-02,rebalance
2026-01-07,159819,SELL,1.6030,175310.3603,281022.51,295.07,2026-01-06,rebalance
2026-01-07,588200,BUY,2.5380,110493.6877,280727.43,294.76,2026-01-06,rebalance
2026-02-04,512400,SELL,2.2970,40483.4534,92990.49,97.64,2026-02-03,rebalance
2026-02-04,515880,BUY,0.5362,132732.1182,71247.22,74.81,2026-02-03,rebalance
2026-03-04,515880,SELL,0.5342,2037957.6813,1088656.60,1143.09,2026-03-03,rebalance
2026-03-04,588200,SELL,2.5050,110493.6877,276786.69,290.63,2026-03-03,rebalance
2026-03-04,159516,BUY,0.4258,3246942.9541,1383951.44,1453.15,2026-03-03,rebalance
2026-04-03,159516,SELL,0.4032,2541087.2258,1024584.66,1075.81,2026-04-02,rebalance
2026-04-03,515880,BUY,0.5574,1719998.4467,959798.57,1007.79,2026-04-02,rebalance
2026-04-03,512400,BUY,1.9900,32836.8966,65414.04,68.68,2026-04-02,rebalance
2026-04-10,515880,SELL,0.6095,2295720.1349,1399223.25,1469.18,2026-04-09,regime_switch
2026-04-10,512400,SELL,2.1200,643006.5679,1363173.92,1431.33,2026-04-09,regime_switch
2026-04-10,159516,SELL,0.4442,705855.7283,313561.07,329.24,2026-04-09,regime_switch
2026-04-10,513100,BUY,1.8240,1682842.9330,3072728.49,3226.36,2026-04-09,regime_switch
2026-04-17,513100,SELL,1.9020,1682842.9330,3200767.26,3360.81,2026-04-16,regime_switch
2026-04-17,515880,BUY,0.6474,2222495.7984,1440345.27,1512.36,2026-04-16,regime_switch
2026-04-17,512400,BUY,2.1520,668603.3876,1440345.27,1512.36,2026-04-16,regime_switch
2026-04-17,159516,BUY,0.4462,709015.9995,316715.92,332.55,2026-04-16,regime_switch
2026-05-08,512400,SELL,2.1880,668603.3876,1462904.21,1536.05,2026-05-07,rebalance
2026-05-08,159516,BUY,0.5168,2243091.5943,1160369.58,1218.39,2026-05-07,rebalance
2026-05-08,588200,BUY,3.2670,92036.3845,300998.59,316.05,2026-05-07,rebalance
2026-06-03,515880,SELL,0.8440,132545.2482,111866.85,117.46,2026-06-02,rebalance
2026-07-03,515880,SELL,0.7884,1491085.1140,1175568.10,1234.35,2026-07-02,rebalance
2026-07-03,159516,SELL,0.8674,502791.7374,436144.56,457.95,2026-07-02,rebalance
2026-07-03,588200,BUY,4.3590,394577.6073,1721769.75,1807.86,2026-07-02,rebalance
