stage,id,label,fee_mult,start_date,total_return,cagr,max_drawdown,sharpe,avg_exposure,trades,yearly
stress,overseas_rs612_top2_alloc100_ma200_ret12_immediate_ma120_conf2_cool5_wr40_hk,进攻6月60%+12月40% Top2｜弱市纳指+标普 RS612 Top2 100%仓｜MA200+12月正｜恢复立即切回｜MA120斜率+确认2d+冷却5d+港股,1.0,2021-07-10,4.428641331353221,0.4031997085599841,-0.20980381261366798,1.3736057708427296,0.7910389891461173,104,"{""2021"": 0.030130487617512358, ""2022"": -0.07293412026087032, ""2023"": 0.7595552259238358, ""2024"": 0.20829193765871334, ""2025"": 0.6020085606826988, ""2026"": 0.683496382594291}"
stress,overseas_rs612_top2_alloc100_ma200_ret12_immediate_ma120_conf2_cool5_wr40_hk,进攻6月60%+12月40% Top2｜弱市纳指+标普 RS612 Top2 100%仓｜MA200+12月正｜恢复立即切回｜MA120斜率+确认2d+冷却5d+港股,2.0,2021-07-10,4.155142796868415,0.3887493133475579,-0.2106919970977249,1.3356031287893764,0.7910496707359143,104,"{""2021"": 0.018346393091462465, ""2022"": -0.07777849034860329, ""2023"": 0.7522761269599751, ""2024"": 0.20324947094574952, ""2025"": 0.5735519864857384, ""2026"": 0.6689336318771824}"
stress,overseas_rs612_top2_alloc100_ma200_ret12_immediate_ma120_conf2_cool5_wr40_hk,进攻6月60%+12月40% Top2｜弱市纳指+标普 RS612 Top2 100%仓｜MA200+12月正｜恢复立即切回｜MA120斜率+确认2d+冷却5d+港股,1.0,2022-01-04,4.126550400740196,0.4365481445608199,-0.20980381261366776,1.4203860061300388,0.7684796119450577,88,"{""2022"": -0.09179032432514178, ""2023"": 0.7595552259238363, ""2024"": 0.2082919376587129, ""2025"": 0.6020085606826993, ""2026"": 0.6834963825942908}"
stress,overseas_rs612_top2_alloc100_ma200_ret12_immediate_ma120_conf2_cool5_wr40_hk,进攻6月60%+12月40% Top2｜弱市纳指+标普 RS612 Top2 100%仓｜MA200+12月正｜恢复立即切回｜MA120斜率+确认2d+冷却5d+港股,2.0,2022-01-04,3.909063311489148,0.42281227601462046,-0.2106919970977249,1.3860329374706326,0.7684914467165527,88,"{""2022"": -0.09938835981039396, ""2023"": 0.7522761269599754, ""2024"": 0.20324947094574952, ""2025"": 0.5735519864857375, ""2026"": 0.6689336318771828}"
stress,overseas_rs612_top2_alloc100_ma200_ret12_immediate_ma120_conf2_cool5_wr40_hk,进攻6月60%+12月40% Top2｜弱市纳指+标普 RS612 Top2 100%仓｜MA200+12月正｜恢复立即切回｜MA120斜率+确认2d+冷却5d+港股,1.0,2023-01-03,4.644677146751205,0.6361127433834008,-0.20980381261366787,1.7189323967997108,0.9435349187496451,72,"{""2023"": 0.7595552259238361, ""2024"": 0.20829193765871312, ""2025"": 0.602008560682699, ""2026"": 0.6834963825942912}"
stress,overseas_rs612_top2_alloc100_ma200_ret12_immediate_ma120_conf2_cool5_wr40_hk,进攻6月60%+12月40% Top2｜弱市纳指+标普 RS612 Top2 100%仓｜MA200+12月正｜恢复立即切回｜MA120斜率+确认2d+冷却5d+港股,2.0,2023-01-03,4.450810418634655,0.6199277505192293,-0.21069199709772501,1.6869313085397295,0.9435501189908251,72,"{""2023"": 0.7522761269599751, ""2024"": 0.20324947094574952, ""2025"": 0.5735519864857372, ""2026"": 0.6689336318771828}"
stress,overseas_rs612_top2_alloc100_ma200_ret12_immediate_ma120_conf2_cool5_wr50_hk,进攻6月60%+12月40% Top2｜弱市纳指+标普 RS612 Top2 100%仓｜MA200+12月正｜恢复立即切回｜MA120斜率+确认2d+冷却5d+港股,1.0,2021-07-10,4.428641331353221,0.4031997085599841,-0.20980381261366798,1.3736057708427296,0.7910389891461173,104,"{""2021"": 0.030130487617512358, ""2022"": -0.07293412026087032, ""2023"": 0.7595552259238358, ""2024"": 0.20829193765871334, ""2025"": 0.6020085606826988, ""2026"": 0.683496382594291}"
stress,overseas_rs612_top2_alloc100_ma200_ret12_immediate_ma120_conf2_cool5_wr50_hk,进攻6月60%+12月40% Top2｜弱市纳指+标普 RS612 Top2 100%仓｜MA200+12月正｜恢复立即切回｜MA120斜率+确认2d+冷却5d+港股,2.0,2021-07-10,4.155142796868415,0.3887493133475579,-0.2106919970977249,1.3356031287893764,0.7910496707359143,104,"{""2021"": 0.018346393091462465, ""2022"": -0.07777849034860329, ""2023"": 0.7522761269599751, ""2024"": 0.20324947094574952, ""2025"": 0.5735519864857384, ""2026"": 0.6689336318771824}"
stress,overseas_rs612_top2_alloc100_ma200_ret12_immediate_ma120_conf2_cool5_wr50_hk,进攻6月60%+12月40% Top2｜弱市纳指+标普 RS612 Top2 100%仓｜MA200+12月正｜恢复立即切回｜MA120斜率+确认2d+冷却5d+港股,1.0,2022-01-04,4.126550400740196,0.4365481445608199,-0.20980381261366776,1.4203860061300388,0.7684796119450577,88,"{""2022"": -0.09179032432514178, ""2023"": 0.7595552259238363, ""2024"": 0.2082919376587129, ""2025"": 0.6020085606826993, ""2026"": 0.6834963825942908}"
stress,overseas_rs612_top2_alloc100_ma200_ret12_immediate_ma120_conf2_cool5_wr50_hk,进攻6月60%+12月40% Top2｜弱市纳指+标普 RS612 Top2 100%仓｜MA200+12月正｜恢复立即切回｜MA120斜率+确认2d+冷却5d+港股,2.0,2022-01-04,3.909063311489148,0.42281227601462046,-0.2106919970977249,1.3860329374706326,0.7684914467165527,88,"{""2022"": -0.09938835981039396, ""2023"": 0.7522761269599754, ""2024"": 0.20324947094574952, ""2025"": 0.5735519864857375, ""2026"": 0.6689336318771828}"
stress,overseas_rs612_top2_alloc100_ma200_ret12_immediate_ma120_conf2_cool5_wr50_hk,进攻6月60%+12月40% Top2｜弱市纳指+标普 RS612 Top2 100%仓｜MA200+12月正｜恢复立即切回｜MA120斜率+确认2d+冷却5d+港股,1.0,2023-01-03,4.644677146751205,0.6361127433834008,-0.20980381261366787,1.7189323967997108,0.9435349187496451,72,"{""2023"": 0.7595552259238361, ""2024"": 0.20829193765871312, ""2025"": 0.602008560682699, ""2026"": 0.6834963825942912}"
stress,overseas_rs612_top2_alloc100_ma200_ret12_immediate_ma120_conf2_cool5_wr50_hk,进攻6月60%+12月40% Top2｜弱市纳指+标普 RS612 Top2 100%仓｜MA200+12月正｜恢复立即切回｜MA120斜率+确认2d+冷却5d+港股,2.0,2023-01-03,4.450810418634655,0.6199277505192293,-0.21069199709772501,1.6869313085397295,0.9435501189908251,72,"{""2023"": 0.7522761269599751, ""2024"": 0.20324947094574952, ""2025"": 0.5735519864857372, ""2026"": 0.6689336318771828}"
stress,overseas_rs612_top2_alloc100_ma200_ret12_immediate_ma120_conf3_cool10_wr40_hk,进攻6月60%+12月40% Top2｜弱市纳指+标普 RS612 Top2 100%仓｜MA200+12月正｜恢复立即切回｜MA120斜率+确认3d+冷却10d+港股,1.0,2021-07-10,3.672763747923635,0.3616953540254215,-0.21667283767710865,1.2681943089379861,0.7811298231675872,78,"{""2021"": 0.011143251629689654, ""2022"": -0.08697575795700496, ""2023"": 0.7003314374300089, ""2024"": 0.14505377174641554, ""2025"": 0.5226321640149398, ""2026"": 0.7222293062498064}"
stress,overseas_rs612_top2_alloc100_ma200_ret12_immediate_ma120_conf3_cool10_wr40_hk,进攻6月60%+12月40% Top2｜弱市纳指+标普 RS612 Top2 100%仓｜MA200+12月正｜恢复立即切回｜MA120斜率+确认3d+冷却10d+港股,2.0,2021-07-10,3.506198622198058,0.3518340086761227,-0.2199698295332967,1.240911256507918,0.7811405047573841,78,"{""2021"": 0.0038091758614202664, ""2022"": -0.0898374135627007, ""2023"": 0.6932944257799591, ""2024"": 0.14024406697967962, ""2025"": 0.508089335237573, ""2026"": 0.7086551051432237}"
stress,overseas_rs612_top2_alloc100_ma200_ret12_immediate_ma120_conf3_cool10_wr40_hk,进攻6月60%+12月40% Top2｜弱市纳指+标普 RS612 Top2 100%仓｜MA200+12月正｜恢复立即切回｜MA120斜率+确认3d+冷却10d+港股,1.0,2022-01-04,3.494845754778641,0.39528417565026364,-0.21667283767710865,1.3202627957723694,0.7575006549459725,70,"{""2022"": -0.10570185005591759, ""2023"": 0.7003314374300089, ""2024"": 0.14505377174641532, ""2025"": 0.5226321640149396, ""2026"": 0.7222293062498064}"
stress,overseas_rs612_top2_alloc100_ma200_ret12_immediate_ma120_conf3_cool10_wr40_hk,进攻6月60%+12月40% Top2｜弱市纳指+标普 RS612 Top2 100%仓｜MA200+12月正｜恢复立即切回｜MA120斜率+确认3d+冷却10d+港股,2.0,2022-01-04,3.3525256468648523,0.3853697493822279,-0.21996982953329647,1.2941255548017634,0.7575124897174677,70,"{""2022"": -0.11131641736135955, ""2023"": 0.6932944257799591, ""2024"": 0.14024406697967984, ""2025"": 0.508089335237573, ""2026"": 0.7086551051432237}"
stress,overseas_rs612_top2_alloc100_ma200_ret12_immediate_ma120_conf3_cool10_wr40_hk,进攻6月60%+12月40% Top2｜弱市纳指+标普 RS612 Top2 100%仓｜MA200+12月正｜恢复立即切回｜MA120斜率+确认3d+冷却10d+港股,1.0,2023-01-03,4.026115457199242,0.5829763293169494,-0.21667283767710876,1.6147154713027898,0.935309301828376,58,"{""2023"": 0.7003314374300087, ""2024"": 0.14505377174641532, ""2025"": 0.5226321640149394, ""2026"": 0.7222293062498057}"
stress,overseas_rs612_top2_alloc100_ma200_ret12_immediate_ma120_conf3_cool10_wr40_hk,进攻6月60%+12月40% Top2｜弱市纳指+标普 RS612 Top2 100%仓｜MA200+12月正｜恢复立即切回｜MA120斜率+确认3d+冷却10d+港股,2.0,2023-01-03,3.897722577412223,0.571366718305724,-0.21996982953329647,1.5903656997295965,0.935324502069556,58,"{""2023"": 0.6932944257799591, ""2024"": 0.14024406697967962, ""2025"": 0.5080893352375726, ""2026"": 0.7086551051432235}"
stress,overseas_rs612_top2_alloc100_ma200_ret12_immediate_ma120_conf3_cool10_wr50_hk,进攻6月60%+12月40% Top2｜弱市纳指+标普 RS612 Top2 100%仓｜MA200+12月正｜恢复立即切回｜MA120斜率+确认3d+冷却10d+港股,1.0,2021-07-10,3.672763747923635,0.3616953540254215,-0.21667283767710865,1.2681943089379861,0.7811298231675872,78,"{""2021"": 0.011143251629689654, ""2022"": -0.08697575795700496, ""2023"": 0.7003314374300089, ""2024"": 0.14505377174641554, ""2025"": 0.5226321640149398, ""2026"": 0.7222293062498064}"
stress,overseas_rs612_top2_alloc100_ma200_ret12_immediate_ma120_conf3_cool10_wr50_hk,进攻6月60%+12月40% Top2｜弱市纳指+标普 RS612 Top2 100%仓｜MA200+12月正｜恢复立即切回｜MA120斜率+确认3d+冷却10d+港股,2.0,2021-07-10,3.506198622198058,0.3518340086761227,-0.2199698295332967,1.240911256507918,0.7811405047573841,78,"{""2021"": 0.0038091758614202664, ""2022"": -0.0898374135627007, ""2023"": 0.6932944257799591, ""2024"": 0.14024406697967962, ""2025"": 0.508089335237573, ""2026"": 0.7086551051432237}"
stress,overseas_rs612_top2_alloc100_ma200_ret12_immediate_ma120_conf3_cool10_wr50_hk,进攻6月60%+12月40% Top2｜弱市纳指+标普 RS612 Top2 100%仓｜MA200+12月正｜恢复立即切回｜MA120斜率+确认3d+冷却10d+港股,1.0,2022-01-04,3.494845754778641,0.39528417565026364,-0.21667283767710865,1.3202627957723694,0.7575006549459725,70,"{""2022"": -0.10570185005591759, ""2023"": 0.7003314374300089, ""2024"": 0.14505377174641532, ""2025"": 0.5226321640149396, ""2026"": 0.7222293062498064}"
stress,overseas_rs612_top2_alloc100_ma200_ret12_immediate_ma120_conf3_cool10_wr50_hk,进攻6月60%+12月40% Top2｜弱市纳指+标普 RS612 Top2 100%仓｜MA200+12月正｜恢复立即切回｜MA120斜率+确认3d+冷却10d+港股,2.0,2022-01-04,3.3525256468648523,0.3853697493822279,-0.21996982953329647,1.2941255548017634,0.7575124897174677,70,"{""2022"": -0.11131641736135955, ""2023"": 0.6932944257799591, ""2024"": 0.14024406697967984, ""2025"": 0.508089335237573, ""2026"": 0.7086551051432237}"
stress,overseas_rs612_top2_alloc100_ma200_ret12_immediate_ma120_conf3_cool10_wr50_hk,进攻6月60%+12月40% Top2｜弱市纳指+标普 RS612 Top2 100%仓｜MA200+12月正｜恢复立即切回｜MA120斜率+确认3d+冷却10d+港股,1.0,2023-01-03,4.026115457199242,0.5829763293169494,-0.21667283767710876,1.6147154713027898,0.935309301828376,58,"{""2023"": 0.7003314374300087, ""2024"": 0.14505377174641532, ""2025"": 0.5226321640149394, ""2026"": 0.7222293062498057}"
stress,overseas_rs612_top2_alloc100_ma200_ret12_immediate_ma120_conf3_cool10_wr50_hk,进攻6月60%+12月40% Top2｜弱市纳指+标普 RS612 Top2 100%仓｜MA200+12月正｜恢复立即切回｜MA120斜率+确认3d+冷却10d+港股,2.0,2023-01-03,3.897722577412223,0.571366718305724,-0.21996982953329647,1.5903656997295965,0.935324502069556,58,"{""2023"": 0.6932944257799591, ""2024"": 0.14024406697967962, ""2025"": 0.5080893352375726, ""2026"": 0.7086551051432235}"
stress,overseas_rs612_top2_alloc100_ma200_ret12_immediate_ma120_conf3_cool10_wr40_ah,进攻6月60%+12月40% Top2｜弱市纳指+标普 RS612 Top2 100%仓｜MA200+12月正｜恢复立即切回｜MA120斜率+确认3d+冷却10d,1.0,2021-07-10,3.5653451233363063,0.3553686057876031,-0.23799896275104004,1.2125474730145351,0.7909936804722254,89,"{""2021"": -0.030271746948599354, ""2022"": 0.0015211421760998878, ""2023"": 0.6094137625011704, ""2024"": 0.1446687072581585, ""2025"": 0.5384091533500626, ""2026"": 0.6729481827334218}"
stress,overseas_rs612_top2_alloc100_ma200_ret12_immediate_ma120_conf3_cool10_wr40_ah,进攻6月60%+12月40% Top2｜弱市纳指+标普 RS612 Top2 100%仓｜MA200+12月正｜恢复立即切回｜MA120斜率+确认3d+冷却10d,2.0,2021-07-10,3.3849392264479343,0.34446993470291387,-0.24435816987399106,1.183537434961804,0.791018896729904,89,"{""2021"": -0.040436273644415044, ""2022"": -0.003737160282327512, ""2023"": 0.6027757580891651, ""2024"": 0.1398990643335667, ""2025"": 0.5208840810614499, ""2026"": 0.665034470978896}"
stress,overseas_rs612_top2_alloc100_ma200_ret12_immediate_ma120_conf3_cool10_wr40_ah,进攻6月60%+12月40% Top2｜弱市纳指+标普 RS612 Top2 100%仓｜MA200+12月正｜恢复立即切回｜MA120斜率+确认3d+冷却10d,1.0,2022-01-04,3.5791946820311544,0.40104536456094175,-0.217093415619928,1.3413066965686202,0.7684796119450577,72,"{""2022"": -0.01899126956835462, ""2023"": 0.60941376250117, ""2024"": 0.14466870725815872, ""2025"": 0.538409153350063, ""2026"": 0.6729481827334212}"
stress,overseas_rs612_top2_alloc100_ma200_ret12_immediate_ma120_conf3_cool10_wr40_ah,进攻6月60%+12月40% Top2｜弱市纳指+标普 RS612 Top2 100%仓｜MA200+12月正｜恢复立即切回｜MA120斜率+确认3d+冷却10d,2.0,2022-01-04,3.430920262468856,0.390861628196711,-0.22041200276467532,1.3144963128704927,0.7684914467165527,72,"{""2022"": -0.027195263502700517, ""2023"": 0.6027757580891644, ""2024"": 0.1398990643335667, ""2025"": 0.5208840810614499, ""2026"": 0.6650344709788962}"
stress,overseas_rs612_top2_alloc100_ma200_ret12_immediate_ma120_conf3_cool10_wr40_ah,进攻6月60%+12月40% Top2｜弱市纳指+标普 RS612 Top2 100%仓｜MA200+12月正｜恢复立即切回｜MA120斜率+确认3d+冷却10d,1.0,2023-01-03,3.667842945715992,0.5500244732083452,-0.2170934156199279,1.5642074763562903,0.9247335086438871,56,"{""2023"": 0.6094137625011702, ""2024"": 0.14466870725815872, ""2025"": 0.5384091533500632, ""2026"": 0.6729481827334216}"
stress,overseas_rs612_top2_alloc100_ma200_ret12_immediate_ma120_conf3_cool10_wr40_ah,进攻6月60%+12月40% Top2｜弱市纳指+标普 RS612 Top2 100%仓｜MA200+12月正｜恢复立即切回｜MA120斜率+确认3d+冷却10d,2.0,2023-01-03,3.5547889481119492,0.5392515649893785,-0.2204120027646751,1.5408628204917905,0.9247487088850671,56,"{""2023"": 0.6027757580891648, ""2024"": 0.1398990643335667, ""2025"": 0.5208840810614497, ""2026"": 0.6650344709788962}"
stress,overseas_rs612_top2_alloc100_ma200_ret12_immediate_ma120_conf3_cool10_wr50_ah,进攻6月60%+12月40% Top2｜弱市纳指+标普 RS612 Top2 100%仓｜MA200+12月正｜恢复立即切回｜MA120斜率+确认3d+冷却10d,1.0,2021-07-10,3.5653451233363063,0.3553686057876031,-0.23799896275104004,1.2125474730145351,0.7909936804722254,89,"{""2021"": -0.030271746948599354, ""2022"": 0.0015211421760998878, ""2023"": 0.6094137625011704, ""2024"": 0.1446687072581585, ""2025"": 0.5384091533500626, ""2026"": 0.6729481827334218}"
stress,overseas_rs612_top2_alloc100_ma200_ret12_immediate_ma120_conf3_cool10_wr50_ah,进攻6月60%+12月40% Top2｜弱市纳指+标普 RS612 Top2 100%仓｜MA200+12月正｜恢复立即切回｜MA120斜率+确认3d+冷却10d,2.0,2021-07-10,3.3849392264479343,0.34446993470291387,-0.24435816987399106,1.183537434961804,0.791018896729904,89,"{""2021"": -0.040436273644415044, ""2022"": -0.003737160282327512, ""2023"": 0.6027757580891651, ""2024"": 0.1398990643335667, ""2025"": 0.5208840810614499, ""2026"": 0.665034470978896}"
stress,overseas_rs612_top2_alloc100_ma200_ret12_immediate_ma120_conf3_cool10_wr50_ah,进攻6月60%+12月40% Top2｜弱市纳指+标普 RS612 Top2 100%仓｜MA200+12月正｜恢复立即切回｜MA120斜率+确认3d+冷却10d,1.0,2022-01-04,3.5791946820311544,0.40104536456094175,-0.217093415619928,1.3413066965686202,0.7684796119450577,72,"{""2022"": -0.01899126956835462, ""2023"": 0.60941376250117, ""2024"": 0.14466870725815872, ""2025"": 0.538409153350063, ""2026"": 0.6729481827334212}"
stress,overseas_rs612_top2_alloc100_ma200_ret12_immediate_ma120_conf3_cool10_wr50_ah,进攻6月60%+12月40% Top2｜弱市纳指+标普 RS612 Top2 100%仓｜MA200+12月正｜恢复立即切回｜MA120斜率+确认3d+冷却10d,2.0,2022-01-04,3.430920262468856,0.390861628196711,-0.22041200276467532,1.3144963128704927,0.7684914467165527,72,"{""2022"": -0.027195263502700517, ""2023"": 0.6027757580891644, ""2024"": 0.1398990643335667, ""2025"": 0.5208840810614499, ""2026"": 0.6650344709788962}"
stress,overseas_rs612_top2_alloc100_ma200_ret12_immediate_ma120_conf3_cool10_wr50_ah,进攻6月60%+12月40% Top2｜弱市纳指+标普 RS612 Top2 100%仓｜MA200+12月正｜恢复立即切回｜MA120斜率+确认3d+冷却10d,1.0,2023-01-03,3.667842945715992,0.5500244732083452,-0.2170934156199279,1.5642074763562903,0.9247335086438871,56,"{""2023"": 0.6094137625011702, ""2024"": 0.14466870725815872, ""2025"": 0.5384091533500632, ""2026"": 0.6729481827334216}"
stress,overseas_rs612_top2_alloc100_ma200_ret12_immediate_ma120_conf3_cool10_wr50_ah,进攻6月60%+12月40% Top2｜弱市纳指+标普 RS612 Top2 100%仓｜MA200+12月正｜恢复立即切回｜MA120斜率+确认3d+冷却10d,2.0,2023-01-03,3.5547889481119492,0.5392515649893785,-0.2204120027646751,1.5408628204917905,0.9247487088850671,56,"{""2023"": 0.6027757580891648, ""2024"": 0.1398990643335667, ""2025"": 0.5208840810614497, ""2026"": 0.6650344709788962}"
stress,overseas_rs612_top2_alloc100_ma200_ret12_immediate_ma120_conf3_cool5_wr40_hk,进攻6月60%+12月40% Top2｜弱市纳指+标普 RS612 Top2 100%仓｜MA200+12月正｜恢复立即切回｜MA120斜率+确认3d+冷却5d+港股,1.0,2021-07-10,3.4668880530672066,0.34946422850365977,-0.21667283767710876,1.2359144778436975,0.7877359338199406,90,"{""2021"": 0.06609093793804321, ""2022"": -0.09856751483077597, ""2023"": 0.7003314374300094, ""2024"": 0.14505377174641532, ""2025"": 0.46102696970747203, ""2026"": 0.6482543777123086}"
stress,overseas_rs612_top2_alloc100_ma200_ret12_immediate_ma120_conf3_cool5_wr40_hk,进攻6月60%+12月40% Top2｜弱市纳指+标普 RS612 Top2 100%仓｜MA200+12月正｜恢复立即切回｜MA120斜率+确认3d+冷却5d+港股,2.0,2021-07-10,3.2779006648358537,0.33783289536404326,-0.21996982953329658,1.2035571768377058,0.7877466154097376,90,"{""2021"": 0.05833405938535652, ""2022"": -0.10139283814315037, ""2023"": 0.6932944257799594, ""2024"": 0.14024406697967984, ""2025"": 0.4382311757709474, ""2026"": 0.6339860619471294}"
stress,overseas_rs612_top2_alloc100_ma200_ret12_immediate_ma120_conf3_cool5_wr40_hk,进攻6月60%+12月40% Top2｜弱市纳指+标普 RS612 Top2 100%仓｜MA200+12月正｜恢复立即切回｜MA120斜率+确认3d+冷却5d+港股,1.0,2022-01-04,3.075649220763787,0.3653352680157822,-0.21667283767710876,1.2433670629461984,0.7648199596120293,82,"{""2022"": -0.11698548677575438, ""2023"": 0.7003314374300094, ""2024"": 0.14505377174641532, ""2025"": 0.4610269697074718, ""2026"": 0.6482543777123091}"
stress,overseas_rs612_top2_alloc100_ma200_ret12_immediate_ma120_conf3_cool5_wr40_hk,进攻6月60%+12月40% Top2｜弱市纳指+标普 RS612 Top2 100%仓｜MA200+12月正｜恢复立即切回｜MA120斜率+确认3d+冷却5d+港股,2.0,2022-01-04,2.9194255292729596,0.353559146099633,-0.21996982953329647,1.211868641168117,0.7648317943835243,82,"{""2022"": -0.12252921334668543, ""2023"": 0.6932944257799591, ""2024"": 0.14024406697967962, ""2025"": 0.43823117577094783, ""2026"": 0.6339860619471285}"
stress,overseas_rs612_top2_alloc100_ma200_ret12_immediate_ma120_conf3_cool5_wr40_hk,进攻6月60%+12月40% Top2｜弱市纳指+标普 RS612 Top2 100%仓｜MA200+12月正｜恢复立即切回｜MA120斜率+确认3d+冷却5d+港股,1.0,2023-01-03,3.615608418350827,0.5450705234324555,-0.21667283767710876,1.5368805930932963,0.9458850950128649,70,"{""2023"": 0.7003314374300087, ""2024"": 0.14505377174641532, ""2025"": 0.4610269697074718, ""2026"": 0.6482543777123091}"
stress,overseas_rs612_top2_alloc100_ma200_ret12_immediate_ma120_conf3_cool5_wr40_hk,进攻6月60%+12月40% Top2｜弱市纳指+标普 RS612 Top2 100%仓｜MA200+12月正｜恢复立即切回｜MA120斜率+确认3d+冷却5d+港股,2.0,2023-01-03,3.4667305041820278,0.5307271504865279,-0.21996982953329647,1.506311353004711,0.9459002952540448,70,"{""2023"": 0.6932944257799591, ""2024"": 0.14024406697967962, ""2025"": 0.43823117577094783, ""2026"": 0.6339860619471291}"
stress,overseas_rs612_top2_alloc100_ma200_ret12_immediate_ma120_conf3_cool5_wr50_hk,进攻6月60%+12月40% Top2｜弱市纳指+标普 RS612 Top2 100%仓｜MA200+12月正｜恢复立即切回｜MA120斜率+确认3d+冷却5d+港股,1.0,2021-07-10,3.4668880530672066,0.34946422850365977,-0.21667283767710876,1.2359144778436975,0.7877359338199406,90,"{""2021"": 0.06609093793804321, ""2022"": -0.09856751483077597, ""2023"": 0.7003314374300094, ""2024"": 0.14505377174641532, ""2025"": 0.46102696970747203, ""2026"": 0.6482543777123086}"
stress,overseas_rs612_top2_alloc100_ma200_ret12_immediate_ma120_conf3_cool5_wr50_hk,进攻6月60%+12月40% Top2｜弱市纳指+标普 RS612 Top2 100%仓｜MA200+12月正｜恢复立即切回｜MA120斜率+确认3d+冷却5d+港股,2.0,2021-07-10,3.2779006648358537,0.33783289536404326,-0.21996982953329658,1.2035571768377058,0.7877466154097376,90,"{""2021"": 0.05833405938535652, ""2022"": -0.10139283814315037, ""2023"": 0.6932944257799594, ""2024"": 0.14024406697967984, ""2025"": 0.4382311757709474, ""2026"": 0.6339860619471294}"
stress,overseas_rs612_top2_alloc100_ma200_ret12_immediate_ma120_conf3_cool5_wr50_hk,进攻6月60%+12月40% Top2｜弱市纳指+标普 RS612 Top2 100%仓｜MA200+12月正｜恢复立即切回｜MA120斜率+确认3d+冷却5d+港股,1.0,2022-01-04,3.075649220763787,0.3653352680157822,-0.21667283767710876,1.2433670629461984,0.7648199596120293,82,"{""2022"": -0.11698548677575438, ""2023"": 0.7003314374300094, ""2024"": 0.14505377174641532, ""2025"": 0.4610269697074718, ""2026"": 0.6482543777123091}"
stress,overseas_rs612_top2_alloc100_ma200_ret12_immediate_ma120_conf3_cool5_wr50_hk,进攻6月60%+12月40% Top2｜弱市纳指+标普 RS612 Top2 100%仓｜MA200+12月正｜恢复立即切回｜MA120斜率+确认3d+冷却5d+港股,2.0,2022-01-04,2.9194255292729596,0.353559146099633,-0.21996982953329647,1.211868641168117,0.7648317943835243,82,"{""2022"": -0.12252921334668543, ""2023"": 0.6932944257799591, ""2024"": 0.14024406697967962, ""2025"": 0.43823117577094783, ""2026"": 0.6339860619471285}"
stress,overseas_rs612_top2_alloc100_ma200_ret12_immediate_ma120_conf3_cool5_wr50_hk,进攻6月60%+12月40% Top2｜弱市纳指+标普 RS612 Top2 100%仓｜MA200+12月正｜恢复立即切回｜MA120斜率+确认3d+冷却5d+港股,1.0,2023-01-03,3.615608418350827,0.5450705234324555,-0.21667283767710876,1.5368805930932963,0.9458850950128649,70,"{""2023"": 0.7003314374300087, ""2024"": 0.14505377174641532, ""2025"": 0.4610269697074718, ""2026"": 0.6482543777123091}"
stress,overseas_rs612_top2_alloc100_ma200_ret12_immediate_ma120_conf3_cool5_wr50_hk,进攻6月60%+12月40% Top2｜弱市纳指+标普 RS612 Top2 100%仓｜MA200+12月正｜恢复立即切回｜MA120斜率+确认3d+冷却5d+港股,2.0,2023-01-03,3.4667305041820278,0.5307271504865279,-0.21996982953329647,1.506311353004711,0.9459002952540448,70,"{""2023"": 0.6932944257799591, ""2024"": 0.14024406697967962, ""2025"": 0.43823117577094783, ""2026"": 0.6339860619471291}"
stress,overseas_rs612_top2_alloc100_ma200_ret12_immediate_ma120_conf3_cool5_wr40_ah,进攻6月60%+12月40% Top2｜弱市纳指+标普 RS612 Top2 100%仓｜MA200+12月正｜恢复立即切回｜MA120斜率+确认3d+冷却5d,1.0,2021-07-10,3.463173167197284,0.3492394205613567,-0.2170934156199279,1.196593752527649,0.7942967357984021,94,"{""2021"": 0.017549036781764116, ""2022"": -0.0380527758934619, ""2023"": 0.6094137625011702, ""2024"": 0.14466870725815872, ""2025"": 0.4922636354079606, ""2026"": 0.6729481827334214}"
stress,overseas_rs612_top2_alloc100_ma200_ret12_immediate_ma120_conf3_cool5_wr40_ah,进攻6月60%+12月40% Top2｜弱市纳指+标普 RS612 Top2 100%仓｜MA200+12月正｜恢复立即切回｜MA120斜率+确认3d+冷却5d,2.0,2021-07-10,3.273333215895377,0.33754674403710117,-0.22041200276467499,1.1653049101319184,0.7943219520560807,94,"{""2021"": 0.0026722847535656236, ""2022"": -0.04310330277740404, ""2023"": 0.6027757580891646, ""2024"": 0.1398990643335669, ""2025"": 0.4768044142684862, ""2026"": 0.6650344709788967}"
stress,overseas_rs612_top2_alloc100_ma200_ret12_immediate_ma120_conf3_cool5_wr40_ah,进攻6月60%+12月40% Top2｜弱市纳指+标普 RS612 Top2 100%仓｜MA200+12月正｜恢复立即切回｜MA120斜率+确认3d+冷却5d,1.0,2022-01-04,3.2663249642058654,0.3792414186219275,-0.21709341561992812,1.2841022966105144,0.772139264278086,69,"{""2022"": -0.05775466405773466, ""2023"": 0.6094137625011709, ""2024"": 0.14466870725815872, ""2025"": 0.4922636354079608, ""2026"": 0.6729481827334216}"
stress,overseas_rs612_top2_alloc100_ma200_ret12_immediate_ma120_conf3_cool5_wr40_ah,进攻6月60%+12月40% Top2｜弱市纳指+标普 RS612 Top2 100%仓｜MA200+12月正｜恢复立即切回｜MA120斜率+确认3d+冷却5d,2.0,2022-01-04,3.1324910941369577,0.3695328541708618,-0.2204120027646752,1.2582688769939612,0.7721510990495811,69,"{""2022"": -0.06563448691857188, ""2023"": 0.6027757580891644, ""2024"": 0.13989906433356647, ""2025"": 0.4768044142684862, ""2026"": 0.6650344709788967}"
stress,overseas_rs612_top2_alloc100_ma200_ret12_immediate_ma120_conf3_cool5_wr40_ah,进攻6月60%+12月40% Top2｜弱市纳指+标普 RS612 Top2 100%仓｜MA200+12月正｜恢复立即切回｜MA120斜率+确认3d+冷却5d,1.0,2023-01-03,3.5278281584057396,0.5366542715877514,-0.2170934156199279,1.5365492404979961,0.9247335086438871,53,"{""2023"": 0.6094137625011702, ""2024"": 0.14466870725815872, ""2025"": 0.4922636354079606, ""2026"": 0.6729481827334216}"
stress,overseas_rs612_top2_alloc100_ma200_ret12_immediate_ma120_conf3_cool5_wr40_ah,进攻6月60%+12月40% Top2｜弱市纳指+标普 RS612 Top2 100%仓｜MA200+12月正｜恢复立即切回｜MA120斜率+确认3d+冷却5d,2.0,2023-01-03,3.4227778490116636,0.5264273014572463,-0.2204120027646751,1.5142764590957902,0.9247487088850671,53,"{""2023"": 0.6027757580891648, ""2024"": 0.1398990643335667, ""2025"": 0.4768044142684855, ""2026"": 0.6650344709788962}"
stress,overseas_rs612_top2_alloc100_ma200_ret12_immediate_ma120_conf3_cool5_wr50_ah,进攻6月60%+12月40% Top2｜弱市纳指+标普 RS612 Top2 100%仓｜MA200+12月正｜恢复立即切回｜MA120斜率+确认3d+冷却5d,1.0,2021-07-10,3.463173167197284,0.3492394205613567,-0.2170934156199279,1.196593752527649,0.7942967357984021,94,"{""2021"": 0.017549036781764116, ""2022"": -0.0380527758934619, ""2023"": 0.6094137625011702, ""2024"": 0.14466870725815872, ""2025"": 0.4922636354079606, ""2026"": 0.6729481827334214}"
stress,overseas_rs612_top2_alloc100_ma200_ret12_immediate_ma120_conf3_cool5_wr50_ah,进攻6月60%+12月40% Top2｜弱市纳指+标普 RS612 Top2 100%仓｜MA200+12月正｜恢复立即切回｜MA120斜率+确认3d+冷却5d,2.0,2021-07-10,3.273333215895377,0.33754674403710117,-0.22041200276467499,1.1653049101319184,0.7943219520560807,94,"{""2021"": 0.0026722847535656236, ""2022"": -0.04310330277740404, ""2023"": 0.6027757580891646, ""2024"": 0.1398990643335669, ""2025"": 0.4768044142684862, ""2026"": 0.6650344709788967}"
stress,overseas_rs612_top2_alloc100_ma200_ret12_immediate_ma120_conf3_cool5_wr50_ah,进攻6月60%+12月40% Top2｜弱市纳指+标普 RS612 Top2 100%仓｜MA200+12月正｜恢复立即切回｜MA120斜率+确认3d+冷却5d,1.0,2022-01-04,3.2663249642058654,0.3792414186219275,-0.21709341561992812,1.2841022966105144,0.772139264278086,69,"{""2022"": -0.05775466405773466, ""2023"": 0.6094137625011709, ""2024"": 0.14466870725815872, ""2025"": 0.4922636354079608, ""2026"": 0.6729481827334216}"
stress,overseas_rs612_top2_alloc100_ma200_ret12_immediate_ma120_conf3_cool5_wr50_ah,进攻6月60%+12月40% Top2｜弱市纳指+标普 RS612 Top2 100%仓｜MA200+12月正｜恢复立即切回｜MA120斜率+确认3d+冷却5d,2.0,2022-01-04,3.1324910941369577,0.3695328541708618,-0.2204120027646752,1.2582688769939612,0.7721510990495811,69,"{""2022"": -0.06563448691857188, ""2023"": 0.6027757580891644, ""2024"": 0.13989906433356647, ""2025"": 0.4768044142684862, ""2026"": 0.6650344709788967}"
stress,overseas_rs612_top2_alloc100_ma200_ret12_immediate_ma120_conf3_cool5_wr50_ah,进攻6月60%+12月40% Top2｜弱市纳指+标普 RS612 Top2 100%仓｜MA200+12月正｜恢复立即切回｜MA120斜率+确认3d+冷却5d,1.0,2023-01-03,3.5278281584057396,0.5366542715877514,-0.2170934156199279,1.5365492404979961,0.9247335086438871,53,"{""2023"": 0.6094137625011702, ""2024"": 0.14466870725815872, ""2025"": 0.4922636354079606, ""2026"": 0.6729481827334216}"
stress,overseas_rs612_top2_alloc100_ma200_ret12_immediate_ma120_conf3_cool5_wr50_ah,进攻6月60%+12月40% Top2｜弱市纳指+标普 RS612 Top2 100%仓｜MA200+12月正｜恢复立即切回｜MA120斜率+确认3d+冷却5d,2.0,2023-01-03,3.4227778490116636,0.5264273014572463,-0.2204120027646751,1.5142764590957902,0.9247487088850671,53,"{""2023"": 0.6027757580891648, ""2024"": 0.1398990643335667, ""2025"": 0.4768044142684855, ""2026"": 0.6650344709788962}"
stress,overseas_rs612_top2_alloc100_ma200_ret12_immediate_ma120_conf2_cool10_wr40_hk,进攻6月60%+12月40% Top2｜弱市纳指+标普 RS612 Top2 100%仓｜MA200+12月正｜恢复立即切回｜MA120斜率+确认2d+冷却10d+港股,1.0,2021-07-10,3.4592741097522524,0.349003306378159,-0.20980381261366776,1.2258574394293513,0.793341055320848,86,"{""2021"": 0.0032970007546693214, ""2022"": -0.12996934910971514, ""2023"": 0.7595552259238363, ""2024"": 0.20829193765871312, ""2025"": 0.4738728374515113, ""2026"": 0.644486092435774}"
stress,overseas_rs612_top2_alloc100_ma200_ret12_immediate_ma120_conf2_cool10_wr40_hk,进攻6月60%+12月40% Top2｜弱市纳指+标普 RS612 Top2 100%仓｜MA200+12月正｜恢复立即切回｜MA120斜率+确认2d+冷却10d+港股,2.0,2021-07-10,3.2839153624798954,0.33820934452389717,-0.2130711329920395,1.195910575968018,0.7933792504844345,86,"{""2021"": -0.00400318081151807, ""2022"": -0.1345156825496464, ""2023"": 0.7522761269599747, ""2024"": 0.20324947094574952, ""2025"": 0.4583692757332116, ""2026"": 0.630301279364901}"
stress,overseas_rs612_top2_alloc100_ma200_ret12_immediate_ma120_conf2_cool10_wr40_hk,进攻6月60%+12月40% Top2｜弱市纳指+标普 RS612 Top2 100%仓｜MA200+12月正｜恢复立即切回｜MA120斜率+确认2d+冷却10d+港股,1.0,2022-01-04,3.323555907361669,0.38332080610509234,-0.20980381261366787,1.2840951756177146,0.771030208594279,78,"{""2022"": -0.14770729340155153, ""2023"": 0.7595552259238361, ""2024"": 0.20829193765871268, ""2025"": 0.4738728374515109, ""2026"": 0.644486092435774}"
stress,overseas_rs612_top2_alloc100_ma200_ret12_immediate_ma120_conf2_cool10_wr40_hk,进攻6月60%+12月40% Top2｜弱市纳指+标普 RS612 Top2 100%仓｜MA200+12月正｜恢复立即切回｜MA120斜率+确认2d+冷却10d+港股,2.0,2022-01-04,3.1707724323800193,0.37233454805019517,-0.21307113299203917,1.2552611965089953,0.7710725272979416,78,"{""2022"": -0.1548375303963786, ""2023"": 0.7522761269599747, ""2024"": 0.20324947094574952, ""2025"": 0.45836927573321185, ""2026"": 0.6303012793649005}"
stress,overseas_rs612_top2_alloc100_ma200_ret12_immediate_ma120_conf2_cool10_wr40_hk,进攻6月60%+12月40% Top2｜弱市纳指+标普 RS612 Top2 100%仓｜MA200+12月正｜恢复立即切回｜MA120斜率+确认2d+冷却10d+港股,1.0,2023-01-03,4.072853344735572,0.5871497930133875,-0.20980381261366798,1.6239644233408306,0.9409353912967648,62,"{""2023"": 0.7595552259238361, ""2024"": 0.20829193765871312, ""2025"": 0.47387283745151154, ""2026"": 0.6444860924357745}"
stress,overseas_rs612_top2_alloc100_ma200_ret12_immediate_ma120_conf2_cool10_wr40_hk,进攻6月60%+12月40% Top2｜弱市纳指+标普 RS612 Top2 100%仓｜MA200+12月正｜恢复立即切回｜MA120斜率+确认2d+冷却10d+港股,2.0,2023-01-03,3.934876526564296,0.5747484439148576,-0.2130711329920394,1.598074197301897,0.9409897442263809,62,"{""2023"": 0.7522761269599751, ""2024"": 0.20324947094574952, ""2025"": 0.45836927573321185, ""2026"": 0.630301279364901}"
stress,overseas_rs612_top2_alloc100_ma200_ret12_immediate_ma120_conf2_cool10_wr50_hk,进攻6月60%+12月40% Top2｜弱市纳指+标普 RS612 Top2 100%仓｜MA200+12月正｜恢复立即切回｜MA120斜率+确认2d+冷却10d+港股,1.0,2021-07-10,3.4592741097522524,0.349003306378159,-0.20980381261366776,1.2258574394293513,0.793341055320848,86,"{""2021"": 0.0032970007546693214, ""2022"": -0.12996934910971514, ""2023"": 0.7595552259238363, ""2024"": 0.20829193765871312, ""2025"": 0.4738728374515113, ""2026"": 0.644486092435774}"
stress,overseas_rs612_top2_alloc100_ma200_ret12_immediate_ma120_conf2_cool10_wr50_hk,进攻6月60%+12月40% Top2｜弱市纳指+标普 RS612 Top2 100%仓｜MA200+12月正｜恢复立即切回｜MA120斜率+确认2d+冷却10d+港股,2.0,2021-07-10,3.2839153624798954,0.33820934452389717,-0.2130711329920395,1.195910575968018,0.7933792504844345,86,"{""2021"": -0.00400318081151807, ""2022"": -0.1345156825496464, ""2023"": 0.7522761269599747, ""2024"": 0.20324947094574952, ""2025"": 0.4583692757332116, ""2026"": 0.630301279364901}"
stress,overseas_rs612_top2_alloc100_ma200_ret12_immediate_ma120_conf2_cool10_wr50_hk,进攻6月60%+12月40% Top2｜弱市纳指+标普 RS612 Top2 100%仓｜MA200+12月正｜恢复立即切回｜MA120斜率+确认2d+冷却10d+港股,1.0,2022-01-04,3.323555907361669,0.38332080610509234,-0.20980381261366787,1.2840951756177146,0.771030208594279,78,"{""2022"": -0.14770729340155153, ""2023"": 0.7595552259238361, ""2024"": 0.20829193765871268, ""2025"": 0.4738728374515109, ""2026"": 0.644486092435774}"
stress,overseas_rs612_top2_alloc100_ma200_ret12_immediate_ma120_conf2_cool10_wr50_hk,进攻6月60%+12月40% Top2｜弱市纳指+标普 RS612 Top2 100%仓｜MA200+12月正｜恢复立即切回｜MA120斜率+确认2d+冷却10d+港股,2.0,2022-01-04,3.1707724323800193,0.37233454805019517,-0.21307113299203917,1.2552611965089953,0.7710725272979416,78,"{""2022"": -0.1548375303963786, ""2023"": 0.7522761269599747, ""2024"": 0.20324947094574952, ""2025"": 0.45836927573321185, ""2026"": 0.6303012793649005}"
stress,overseas_rs612_top2_alloc100_ma200_ret12_immediate_ma120_conf2_cool10_wr50_hk,进攻6月60%+12月40% Top2｜弱市纳指+标普 RS612 Top2 100%仓｜MA200+12月正｜恢复立即切回｜MA120斜率+确认2d+冷却10d+港股,1.0,2023-01-03,4.072853344735572,0.5871497930133875,-0.20980381261366798,1.6239644233408306,0.9409353912967648,62,"{""2023"": 0.7595552259238361, ""2024"": 0.20829193765871312, ""2025"": 0.47387283745151154, ""2026"": 0.6444860924357745}"
stress,overseas_rs612_top2_alloc100_ma200_ret12_immediate_ma120_conf2_cool10_wr50_hk,进攻6月60%+12月40% Top2｜弱市纳指+标普 RS612 Top2 100%仓｜MA200+12月正｜恢复立即切回｜MA120斜率+确认2d+冷却10d+港股,2.0,2023-01-03,3.934876526564296,0.5747484439148576,-0.2130711329920394,1.598074197301897,0.9409897442263809,62,"{""2023"": 0.7522761269599751, ""2024"": 0.20324947094574952, ""2025"": 0.45836927573321185, ""2026"": 0.630301279364901}"
