date,equity,cash,exposure,positions,market_bad,sleeve
2021-07-13,977341.1227940716,0.0,1.0,159995;515700,False,offensive
2021-07-14,963864.5728534402,0.0,1.0,513100;513500,True,defensive
2021-07-15,965381.8849529542,0.0,1.0,513100;513500,True,defensive
2021-07-16,959907.0562750231,0.0,1.0,513100;513500,True,defensive
2021-07-19,953107.3968211762,0.0,1.0,513100;513500,True,defensive
2021-07-20,950229.6058239501,0.0,1.0,513100;513500,True,defensive
2021-07-21,956585.6431490005,0.0,1.0,513100;513500,True,defensive
2021-07-22,963864.5728534402,0.0,1.0,513100;513500,True,defensive
2021-07-23,968558.5360981221,0.0,1.0,513100;513500,True,defensive
2021-07-26,977887.2375648406,0.0,1.0,513100;513500,True,defensive
2021-07-27,979158.8789285845,0.0,1.0,513100;513500,True,defensive
2021-07-28,973737.2396628256,0.0,1.0,513100;513500,True,defensive
2021-07-29,974216.5099134184,0.0,1.0,513100;513500,True,defensive
2021-07-30,962950.4511192387,0.0,1.0,513100;513500,True,defensive
2021-08-02,973917.6497654765,0.0,1.0,513100;513500,True,defensive
2021-08-03,970401.0202811414,0.0,1.0,513100;513500,True,defensive
2021-08-04,975245.7811171517,0.0,1.0,513100;513500,True,defensive
2021-08-05,973675.2796054657,0.0,1.0,513100;513500,True,defensive
2021-08-06,979812.5236713546,0.0,1.0,513100;513500,True,defensive
2021-08-09,978635.1899110075,0.0,1.0,513100;513500,True,defensive
2021-08-10,980338.947723646,0.0,1.0,513100;513500,True,defensive
2021-08-11,978620.3836553462,0.0,1.0,513100;513500,True,defensive
2021-08-12,977614.6893524623,0.0,1.0,513100;513500,True,defensive
2021-08-13,982619.0184249883,0.0,1.0,513100;513500,True,defensive
2021-08-16,981805.805445702,0.0,1.0,513100;513500,True,defensive
2021-08-17,984547.6051072613,0.0,1.0,513100;513500,True,defensive
2021-08-18,981258.5395272761,0.0,1.0,513100;513500,True,defensive
2021-08-19,964828.5834240544,0.0,1.0,513100;513500,True,defensive
2021-08-20,972024.7112049994,0.0,1.0,513100;513500,True,defensive
2021-08-23,986884.1657965351,0.0,1.0,513100;513500,True,defensive
2021-08-24,996715.7144146955,0.0,1.0,513100;513500,True,defensive
2021-08-25,994603.982595057,0.0,1.0,513100;513500,True,defensive
2021-08-26,994281.5455462658,0.0,1.0,513100;513500,True,defensive
2021-08-27,995032.7984681921,0.0,1.0,513100;513500,True,defensive
2021-08-30,1000643.6184817897,0.0,1.0,513100;513500,True,defensive
2021-08-31,1011445.2132810378,0.0,1.0,513100;513500,True,defensive
2021-09-01,1008922.20687864,0.0,1.0,513100;513500,True,defensive
2021-09-02,1005171.9778794821,0.0,1.0,513100;513500,True,defensive
2021-09-03,1006082.7990379243,0.0,1.0,513100;513500,True,defensive
2021-09-06,1006810.4750590014,0.0,1.0,513100;513500,True,defensive
2021-09-07,1007298.515954782,0.0,1.0,513100;513500,True,defensive
2021-09-08,1004269.9273662277,0.0,1.0,513100;513500,True,defensive
2021-09-09,999913.2074259983,0.0,1.0,513100;513500,True,defensive
2021-09-10,998434.278482995,0.0,1.0,513100;513500,True,defensive
2021-09-13,992288.2637719181,0.0,1.0,513100;513500,True,defensive
2021-09-14,989179.6082945836,0.0,1.0,513100;513500,True,defensive
2021-09-15,985038.9465788014,0.0,1.0,513100;513500,True,defensive
2021-09-16,989283.2520842133,0.0,1.0,513100;513500,True,defensive
2021-09-17,994820.0408195041,0.0,1.0,513100;513500,True,defensive
2021-09-22,972418.4444973831,0.0,1.0,513100;513500,True,defensive
2021-09-23,954997.3618774372,0.0,1.0,159930;515700,False,offensive
2021-09-24,932027.3710549488,0.0,1.0,159930;515700,False,offensive
2021-09-27,915209.2397702103,0.0,1.0,159930;515700,False,offensive
2021-09-28,930972.6948452978,0.0,1.0,159930;515700,False,offensive
2021-09-29,893938.8319545339,0.0,1.0,159930;515700,False,offensive
2021-09-30,920799.749612215,0.0,1.0,159930;515700,False,offensive
2021-10-08,934833.5392969821,0.0,1.0,513100;513500,True,defensive
2021-10-11,926742.6590783524,0.0,1.0,513100;513500,True,defensive
2021-10-12,918153.4750025752,0.0,1.0,513100;513500,True,defensive
2021-10-13,921730.667664027,0.0,1.0,513100;513500,True,defensive
2021-10-14,932068.4954766436,0.0,1.0,513100;513500,True,defensive
2021-10-15,960579.9767777976,0.0,1.0,512400;515700,False,offensive
2021-10-18,986315.657291526,0.0,1.0,512400;515700,False,offensive
2021-10-19,986471.5366054451,0.0,1.0,512400;515700,False,offensive
2021-10-20,993451.8111256124,0.0,1.0,512400;515700,False,offensive
2021-10-21,994299.796907601,0.0,1.0,512400;515700,False,offensive
2021-10-22,976791.425425393,0.0,1.0,512400;515700,False,offensive
2021-10-25,975359.3166145614,0.0,1.0,513100;513500,True,defensive
2021-10-26,984823.6507390549,0.0,1.0,513100;513500,True,defensive
2021-10-27,983695.2257961305,0.0,1.0,513100;513500,True,defensive
2021-10-28,983767.4027764862,0.0,1.0,513100;513500,True,defensive
2021-10-29,985236.1697748716,0.0,1.0,513100;513500,True,defensive
2021-11-01,999589.7675227091,0.0,1.0,513100;513500,True,defensive
2021-11-02,999488.6385656121,0.0,1.0,513100;513500,True,defensive
2021-11-03,1005282.4567158795,0.0,1.0,513100;513500,True,defensive
2021-11-04,1014904.7540954625,0.0,1.0,513100;513500,True,defensive
2021-11-05,1023317.3766888466,0.0,1.0,513100;513500,True,defensive
2021-11-08,1022112.2383341072,0.0,1.0,513100;513500,True,defensive
2021-11-09,1022513.9511190203,0.0,1.0,513100;513500,True,defensive
2021-11-10,1015357.0313589241,0.0,1.0,513100;513500,True,defensive
2021-11-11,1009862.0636484883,0.0,1.0,513100;513500,True,defensive
2021-11-12,1009313.1938593893,0.0,1.0,513100;513500,True,defensive
2021-11-15,1019067.3055607952,0.0,1.0,513100;513500,True,defensive
2021-11-16,1014553.6057890978,0.0,1.0,513100;513500,True,defensive
2021-11-17,1022086.0894008407,0.0,1.0,513100;513500,True,defensive
2021-11-18,1021466.7760193706,0.0,1.0,513100;513500,True,defensive
2021-11-19,1031815.7855569648,0.0,1.0,513100;513500,True,defensive
2021-11-22,1032553.3039658796,0.0,1.0,513100;513500,True,defensive
2021-11-23,1019510.509961338,0.0,1.0,513100;513500,True,defensive
2021-11-24,1022158.2663811962,0.0,1.0,513100;513500,True,defensive
2021-11-25,1028145.2695827385,0.0,1.0,513100;513500,True,defensive
2021-11-26,1015185.4588094561,0.0,1.0,513100;513500,True,defensive
2021-11-29,1013091.1086101565,0.0,1.0,513100;513500,True,defensive
2021-11-30,1012386.0089539526,0.0,1.0,513100;513500,True,defensive
2021-12-01,1010816.1129984701,0.0,1.0,513100;513500,True,defensive
2021-12-02,992466.9999033083,0.0,1.0,513100;513500,True,defensive
2021-12-03,995281.792441175,0.0,1.0,513100;513500,True,defensive
2021-12-06,986807.7991183387,0.0,1.0,513100;513500,True,defensive
2021-12-07,999148.2965101511,0.0,1.0,513100;513500,True,defensive
2021-12-08,1019352.5467062484,0.0,1.0,513100;513500,True,defensive
2021-12-09,1017324.1036678603,0.0,1.0,513100;513500,True,defensive
2021-12-10,1010279.1191157645,0.0,1.0,513100;513500,True,defensive
2021-12-13,1022345.1816130272,0.0,1.0,513100;513500,True,defensive
2021-12-14,1008266.0187597392,0.0,1.0,513100;513500,True,defensive
2021-12-15,1001348.3120980072,0.0,1.0,513100;513500,True,defensive
2021-12-16,1024398.0401966972,0.0,1.0,513100;513500,True,defensive
2021-12-17,1000615.3301205517,0.0,1.0,513100;513500,True,defensive
2021-12-20,985078.2065197821,0.0,1.0,513100;513500,True,defensive
2021-12-21,994217.5412711774,0.0,1.0,513100;513500,True,defensive
2021-12-22,1000819.3214227305,0.0,1.0,513100;513500,True,defensive
2021-12-23,1012916.0692847191,0.0,1.0,513100;513500,True,defensive
2021-12-24,1018755.9154820754,0.0,1.0,513100;513500,True,defensive
2021-12-27,1021963.3479419365,0.0,1.0,513100;513500,True,defensive
2021-12-28,1034624.3082753874,0.0,1.0,513100;513500,True,defensive
2021-12-29,1035401.584911947,0.0,1.0,513100;513500,True,defensive
2021-12-30,1032325.966773909,0.0,1.0,513100;513500,True,defensive
2021-12-31,1030130.4876175123,0.0,1.0,513100;513500,True,defensive
2022-01-04,1037388.5363347055,0.0,1.0,513100;513500,True,defensive
2022-01-05,1024903.684982182,0.0,1.0,513100;513500,True,defensive
2022-01-06,998530.052784171,0.0,1.0,513100;513500,True,defensive
2022-01-07,1005305.1388731764,0.0,1.0,513100;513500,True,defensive
2022-01-10,997482.877684521,0.0,1.0,513100;513500,True,defensive
2022-01-11,991388.4757064376,0.0,1.0,513100;513500,True,defensive
2022-01-12,1005869.3513446386,0.0,1.0,513100;513500,True,defensive
2022-01-13,1004624.4547622544,0.0,1.0,513100;513500,True,defensive
2022-01-14,1002305.4256190056,0.0,1.0,513100;513500,True,defensive
2022-01-17,1000386.1437042339,0.0,1.0,513100;513500,True,defensive
2022-01-18,995450.6198653495,0.0,1.0,513100;513500,True,defensive
2022-01-19,976701.6104367625,0.0,1.0,513100;513500,True,defensive
2022-01-20,975523.6037935077,0.0,1.0,513100;513500,True,defensive
2022-01-21,951520.3699314727,0.0,1.0,513100;513500,True,defensive
2022-01-24,941360.5274550093,0.0,1.0,513100;513500,True,defensive
2022-01-25,925064.3270479302,0.0,1.0,513100;513500,True,defensive
2022-01-26,921870.2427549055,0.0,1.0,513100;513500,True,defensive
2022-01-27,903225.1074087087,0.0,1.0,513100;513500,True,defensive
2022-01-28,918179.6154984054,0.0,1.0,513100;513500,True,defensive
2022-02-07,953624.5725625486,0.0,1.0,513100;513500,True,defensive
2022-02-08,949578.2605682244,0.0,1.0,513100;513500,True,defensive
2022-02-09,957272.187651183,957272.187651183,0.0,,True,defensive
2022-02-10,957272.187651183,957272.187651183,0.0,,True,defensive
2022-02-11,957272.187651183,957272.187651183,0.0,,True,defensive
2022-02-14,957272.187651183,957272.187651183,0.0,,True,defensive
2022-02-15,957272.187651183,957272.187651183,0.0,,True,defensive
2022-02-16,957272.187651183,957272.187651183,0.0,,True,defensive
2022-02-17,957272.187651183,957272.187651183,0.0,,True,defensive
2022-02-18,957272.187651183,957272.187651183,0.0,,True,defensive
2022-02-21,957272.187651183,957272.187651183,0.0,,True,defensive
2022-02-22,957272.187651183,957272.187651183,0.0,,True,defensive
2022-02-23,957272.187651183,957272.187651183,0.0,,True,defensive
2022-02-24,957272.187651183,957272.187651183,0.0,,True,defensive
2022-02-25,957272.187651183,957272.187651183,0.0,,True,defensive
2022-02-28,957272.187651183,957272.187651183,0.0,,True,defensive
2022-03-01,957272.187651183,957272.187651183,0.0,,True,defensive
2022-03-02,957272.187651183,957272.187651183,0.0,,True,defensive
2022-03-03,957272.187651183,957272.187651183,0.0,,True,defensive
2022-03-04,957272.187651183,957272.187651183,0.0,,True,defensive
2022-03-07,957272.187651183,957272.187651183,0.0,,True,defensive
2022-03-08,957272.187651183,957272.187651183,0.0,,True,defensive
2022-03-09,957272.187651183,957272.187651183,0.0,,True,defensive
2022-03-10,957272.187651183,957272.187651183,0.0,,True,defensive
2022-03-11,957272.187651183,957272.187651183,0.0,,True,defensive
2022-03-14,957272.187651183,957272.187651183,0.0,,True,defensive
2022-03-15,957272.187651183,957272.187651183,0.0,,True,defensive
2022-03-16,957272.187651183,957272.187651183,0.0,,True,defensive
2022-03-17,957272.187651183,957272.187651183,0.0,,True,defensive
2022-03-18,957272.187651183,957272.187651183,0.0,,True,defensive
2022-03-21,957272.187651183,957272.187651183,0.0,,True,defensive
2022-03-22,957272.187651183,957272.187651183,0.0,,True,defensive
2022-03-23,957272.187651183,957272.187651183,0.0,,True,defensive
2022-03-24,957272.187651183,957272.187651183,0.0,,True,defensive
2022-03-25,957272.187651183,957272.187651183,0.0,,True,defensive
2022-03-28,957272.187651183,957272.187651183,0.0,,True,defensive
2022-03-29,957272.187651183,957272.187651183,0.0,,True,defensive
2022-03-30,957272.187651183,957272.187651183,0.0,,True,defensive
2022-03-31,957272.187651183,957272.187651183,0.0,,True,defensive
2022-04-01,957272.187651183,957272.187651183,0.0,,True,defensive
2022-04-06,957272.187651183,957272.187651183,0.0,,True,defensive
2022-04-07,957272.187651183,957272.187651183,0.0,,True,defensive
2022-04-08,957272.187651183,957272.187651183,0.0,,True,defensive
2022-04-11,957272.187651183,957272.187651183,0.0,,True,defensive
2022-04-12,957272.187651183,957272.187651183,0.0,,True,defensive
2022-04-13,957272.187651183,957272.187651183,0.0,,True,defensive
2022-04-14,957272.187651183,957272.187651183,0.0,,True,defensive
2022-04-15,957272.187651183,957272.187651183,0.0,,True,defensive
2022-04-18,957272.187651183,957272.187651183,0.0,,True,defensive
2022-04-19,957272.187651183,957272.187651183,0.0,,True,defensive
2022-04-20,957272.187651183,957272.187651183,0.0,,True,defensive
2022-04-21,957272.187651183,957272.187651183,0.0,,True,defensive
2022-04-22,957272.187651183,957272.187651183,0.0,,True,defensive
2022-04-25,957272.187651183,957272.187651183,0.0,,True,defensive
2022-04-26,957272.187651183,957272.187651183,0.0,,True,defensive
2022-04-27,957272.187651183,957272.187651183,0.0,,True,defensive
2022-04-28,957272.187651183,957272.187651183,0.0,,True,defensive
2022-04-29,957272.187651183,957272.187651183,0.0,,True,defensive
2022-05-05,957272.187651183,957272.187651183,0.0,,True,defensive
2022-05-06,957272.187651183,957272.187651183,0.0,,True,defensive
2022-05-09,957272.187651183,957272.187651183,0.0,,True,defensive
2022-05-10,957272.187651183,957272.187651183,0.0,,True,defensive
2022-05-11,957272.187651183,957272.187651183,0.0,,True,defensive
2022-05-12,957272.187651183,957272.187651183,0.0,,True,defensive
2022-05-13,957272.187651183,957272.187651183,0.0,,True,defensive
2022-05-16,957272.187651183,957272.187651183,0.0,,True,defensive
2022-05-17,957272.187651183,957272.187651183,0.0,,True,defensive
2022-05-18,957272.187651183,957272.187651183,0.0,,True,defensive
2022-05-19,957272.187651183,957272.187651183,0.0,,True,defensive
2022-05-20,957272.187651183,957272.187651183,0.0,,True,defensive
2022-05-23,957272.187651183,957272.187651183,0.0,,True,defensive
2022-05-24,957272.187651183,957272.187651183,0.0,,True,defensive
2022-05-25,957272.187651183,957272.187651183,0.0,,True,defensive
2022-05-26,957272.187651183,957272.187651183,0.0,,True,defensive
2022-05-27,957272.187651183,957272.187651183,0.0,,True,defensive
2022-05-30,957272.187651183,957272.187651183,0.0,,True,defensive
2022-05-31,957272.187651183,957272.187651183,0.0,,True,defensive
2022-06-01,957272.187651183,957272.187651183,0.0,,True,defensive
2022-06-02,957272.187651183,957272.187651183,0.0,,True,defensive
2022-06-06,957272.187651183,957272.187651183,0.0,,True,defensive
2022-06-07,957272.187651183,957272.187651183,0.0,,True,defensive
2022-06-08,957272.187651183,957272.187651183,0.0,,True,defensive
2022-06-09,957272.187651183,957272.187651183,0.0,,True,defensive
2022-06-10,957272.187651183,957272.187651183,0.0,,True,defensive
2022-06-13,957272.187651183,957272.187651183,0.0,,True,defensive
2022-06-14,957272.187651183,957272.187651183,0.0,,True,defensive
2022-06-15,957272.187651183,957272.187651183,0.0,,True,defensive
2022-06-16,957272.187651183,957272.187651183,0.0,,True,defensive
2022-06-17,957272.187651183,957272.187651183,0.0,,True,defensive
2022-06-20,957272.187651183,957272.187651183,0.0,,True,defensive
2022-06-21,957272.187651183,957272.187651183,0.0,,True,defensive
2022-06-22,957272.187651183,957272.187651183,0.0,,True,defensive
2022-06-23,957272.187651183,957272.187651183,0.0,,True,defensive
2022-06-24,957272.187651183,957272.187651183,0.0,,True,defensive
2022-06-27,957272.187651183,957272.187651183,0.0,,True,defensive
2022-06-28,977256.4858786166,0.0,1.0,159930;515790,False,offensive
2022-06-29,953495.1015423337,0.0,1.0,159930;515790,False,offensive
2022-06-30,968261.465990525,0.0,1.0,159930;515790,False,offensive
2022-07-01,962946.9237355806,0.0,1.0,159930;515790,False,offensive
2022-07-04,972127.423754289,0.0,1.0,159930;515790,False,offensive
2022-07-05,996184.6565633739,0.0,1.0,159930;515790,False,offensive
2022-07-06,963054.2262904829,0.0,1.0,159930;515790,False,offensive
2022-07-07,982523.5084306758,0.0,1.0,159930;515790,False,offensive
2022-07-08,966060.2307213874,0.0,1.0,159930;515790,False,offensive
2022-07-11,944661.0354865955,0.0,1.0,159930;515790,False,offensive
2022-07-12,945203.6798356726,0.0,1.0,159930;515790,False,offensive
2022-07-13,939234.5426366492,939234.5426366492,0.0,,True,defensive
2022-07-14,939234.5426366492,939234.5426366492,0.0,,True,defensive
2022-07-15,939234.5426366492,939234.5426366492,0.0,,True,defensive
2022-07-18,939234.5426366492,939234.5426366492,0.0,,True,defensive
2022-07-19,939234.5426366492,939234.5426366492,0.0,,True,defensive
2022-07-20,939234.5426366492,939234.5426366492,0.0,,True,defensive
2022-07-21,939234.5426366492,939234.5426366492,0.0,,True,defensive
2022-07-22,939234.5426366492,939234.5426366492,0.0,,True,defensive
2022-07-25,939234.5426366492,939234.5426366492,0.0,,True,defensive
2022-07-26,939234.5426366492,939234.5426366492,0.0,,True,defensive
2022-07-27,939234.5426366492,939234.5426366492,0.0,,True,defensive
2022-07-28,939234.5426366492,939234.5426366492,0.0,,True,defensive
2022-07-29,939234.5426366492,939234.5426366492,0.0,,True,defensive
2022-08-01,939234.5426366492,939234.5426366492,0.0,,True,defensive
2022-08-02,939234.5426366492,939234.5426366492,0.0,,True,defensive
2022-08-03,939234.5426366492,939234.5426366492,0.0,,True,defensive
2022-08-04,939234.5426366492,939234.5426366492,0.0,,True,defensive
2022-08-05,939234.5426366492,939234.5426366492,0.0,,True,defensive
2022-08-08,939234.5426366492,939234.5426366492,0.0,,True,defensive
2022-08-09,939234.5426366492,939234.5426366492,0.0,,True,defensive
2022-08-10,939234.5426366492,939234.5426366492,0.0,,True,defensive
2022-08-11,939234.5426366492,939234.5426366492,0.0,,True,defensive
2022-08-12,939234.5426366492,939234.5426366492,0.0,,True,defensive
2022-08-15,939234.5426366492,939234.5426366492,0.0,,True,defensive
2022-08-16,939234.5426366492,939234.5426366492,0.0,,True,defensive
2022-08-17,939234.5426366492,939234.5426366492,0.0,,True,defensive
2022-08-18,943403.96617755,0.0,1.0,159930;515790,False,offensive
2022-08-19,943457.4260260325,0.0,1.0,159930;515790,False,offensive
2022-08-22,948092.3728895339,0.0,1.0,159930;515790,False,offensive
2022-08-23,969069.7534348432,0.0,1.0,159930;515790,False,offensive
2022-08-24,949234.1696534209,0.0,1.0,159930;515790,False,offensive
2022-08-25,963195.7700830544,0.0,1.0,159930;515790,False,offensive
2022-08-26,961727.5160684219,961727.5160684219,0.0,,True,defensive
2022-08-29,961727.5160684219,961727.5160684219,0.0,,True,defensive
2022-08-30,961727.5160684219,961727.5160684219,0.0,,True,defensive
2022-08-31,961727.5160684219,961727.5160684219,0.0,,True,defensive
2022-09-01,961727.5160684219,961727.5160684219,0.0,,True,defensive
2022-09-02,961727.5160684219,961727.5160684219,0.0,,True,defensive
2022-09-05,961727.5160684219,961727.5160684219,0.0,,True,defensive
2022-09-06,961727.5160684219,961727.5160684219,0.0,,True,defensive
2022-09-07,961727.5160684219,961727.5160684219,0.0,,True,defensive
2022-09-08,961727.5160684219,961727.5160684219,0.0,,True,defensive
2022-09-09,961727.5160684219,961727.5160684219,0.0,,True,defensive
2022-09-13,961727.5160684219,961727.5160684219,0.0,,True,defensive
2022-09-14,961727.5160684219,961727.5160684219,0.0,,True,defensive
2022-09-15,961727.5160684219,961727.5160684219,0.0,,True,defensive
2022-09-16,961727.5160684219,961727.5160684219,0.0,,True,defensive
2022-09-19,961727.5160684219,961727.5160684219,0.0,,True,defensive
2022-09-20,961727.5160684219,961727.5160684219,0.0,,True,defensive
2022-09-21,961727.5160684219,961727.5160684219,0.0,,True,defensive
2022-09-22,961727.5160684219,961727.5160684219,0.0,,True,defensive
2022-09-23,961727.5160684219,961727.5160684219,0.0,,True,defensive
2022-09-26,961727.5160684219,961727.5160684219,0.0,,True,defensive
2022-09-27,961727.5160684219,961727.5160684219,0.0,,True,defensive
2022-09-28,961727.5160684219,961727.5160684219,0.0,,True,defensive
2022-09-29,961727.5160684219,961727.5160684219,0.0,,True,defensive
2022-09-30,961727.5160684219,961727.5160684219,0.0,,True,defensive
2022-10-10,961727.5160684219,961727.5160684219,0.0,,True,defensive
2022-10-11,961727.5160684219,961727.5160684219,0.0,,True,defensive
2022-10-12,961727.5160684219,961727.5160684219,0.0,,True,defensive
2022-10-13,961727.5160684219,961727.5160684219,0.0,,True,defensive
2022-10-14,961727.5160684219,961727.5160684219,0.0,,True,defensive
2022-10-17,961727.5160684219,961727.5160684219,0.0,,True,defensive
2022-10-18,961727.5160684219,961727.5160684219,0.0,,True,defensive
2022-10-19,961727.5160684219,961727.5160684219,0.0,,True,defensive
2022-10-20,961727.5160684219,961727.5160684219,0.0,,True,defensive
2022-10-21,961727.5160684219,961727.5160684219,0.0,,True,defensive
2022-10-24,961727.5160684219,961727.5160684219,0.0,,True,defensive
2022-10-25,961727.5160684219,961727.5160684219,0.0,,True,defensive
2022-10-26,961727.5160684219,961727.5160684219,0.0,,True,defensive
2022-10-27,961727.5160684219,961727.5160684219,0.0,,True,defensive
2022-10-28,961727.5160684219,961727.5160684219,0.0,,True,defensive
2022-10-31,961727.5160684219,961727.5160684219,0.0,,True,defensive
2022-11-01,961727.5160684219,961727.5160684219,0.0,,True,defensive
2022-11-02,961727.5160684219,961727.5160684219,0.0,,True,defensive
2022-11-03,961727.5160684219,961727.5160684219,0.0,,True,defensive
2022-11-04,961727.5160684219,961727.5160684219,0.0,,True,defensive
2022-11-07,961727.5160684219,961727.5160684219,0.0,,True,defensive
2022-11-08,961727.5160684219,961727.5160684219,0.0,,True,defensive
2022-11-09,961727.5160684219,961727.5160684219,0.0,,True,defensive
2022-11-10,961727.5160684219,961727.5160684219,0.0,,True,defensive
2022-11-11,961727.5160684219,961727.5160684219,0.0,,True,defensive
2022-11-14,961727.5160684219,961727.5160684219,0.0,,True,defensive
2022-11-15,961727.5160684219,961727.5160684219,0.0,,True,defensive
2022-11-16,961727.5160684219,961727.5160684219,0.0,,True,defensive
2022-11-17,961727.5160684219,961727.5160684219,0.0,,True,defensive
2022-11-18,961727.5160684219,961727.5160684219,0.0,,True,defensive
2022-11-21,961727.5160684219,961727.5160684219,0.0,,True,defensive
2022-11-22,961727.5160684219,961727.5160684219,0.0,,True,defensive
2022-11-23,961727.5160684219,961727.5160684219,0.0,,True,defensive
2022-11-24,961727.5160684219,961727.5160684219,0.0,,True,defensive
2022-11-25,961727.5160684219,961727.5160684219,0.0,,True,defensive
2022-11-28,961727.5160684219,961727.5160684219,0.0,,True,defensive
2022-11-29,961727.5160684219,961727.5160684219,0.0,,True,defensive
2022-11-30,961727.5160684219,961727.5160684219,0.0,,True,defensive
2022-12-01,961727.5160684219,961727.5160684219,0.0,,True,defensive
2022-12-02,961727.5160684219,961727.5160684219,0.0,,True,defensive
2022-12-05,961727.5160684219,961727.5160684219,0.0,,True,defensive
2022-12-06,961727.5160684219,961727.5160684219,0.0,,True,defensive
2022-12-07,961727.5160684219,961727.5160684219,0.0,,True,defensive
2022-12-08,961727.5160684219,961727.5160684219,0.0,,True,defensive
2022-12-09,961727.5160684219,961727.5160684219,0.0,,True,defensive
2022-12-12,961727.5160684219,961727.5160684219,0.0,,True,defensive
2022-12-13,961727.5160684219,961727.5160684219,0.0,,True,defensive
2022-12-14,961727.5160684219,961727.5160684219,0.0,,True,defensive
2022-12-15,961727.5160684219,961727.5160684219,0.0,,True,defensive
2022-12-16,961727.5160684219,961727.5160684219,0.0,,True,defensive
2022-12-19,961727.5160684219,961727.5160684219,0.0,,True,defensive
2022-12-20,961727.5160684219,961727.5160684219,0.0,,True,defensive
2022-12-21,961727.5160684219,961727.5160684219,0.0,,True,defensive
2022-12-22,961727.5160684219,961727.5160684219,0.0,,True,defensive
2022-12-23,961727.5160684219,961727.5160684219,0.0,,True,defensive
2022-12-26,961727.5160684219,961727.5160684219,0.0,,True,defensive
2022-12-27,961727.5160684219,961727.5160684219,0.0,,True,defensive
2022-12-28,961727.5160684219,961727.5160684219,0.0,,True,defensive
2022-12-29,961727.5160684219,961727.5160684219,0.0,,True,defensive
2022-12-30,961727.5160684219,961727.5160684219,0.0,,True,defensive
2023-01-03,961727.5160684219,961727.5160684219,0.0,,True,defensive
2023-01-04,961727.5160684219,961727.5160684219,0.0,,True,defensive
2023-01-05,961727.5160684219,961727.5160684219,0.0,,True,defensive
2023-01-06,961727.5160684219,961727.5160684219,0.0,,True,defensive
2023-01-09,961727.5160684219,961727.5160684219,0.0,,True,defensive
2023-01-10,961727.5160684219,961727.5160684219,0.0,,True,defensive
2023-01-11,961727.5160684219,961727.5160684219,0.0,,False,offensive
2023-01-12,961727.5160684219,961727.5160684219,0.0,,False,offensive
2023-01-13,961727.5160684219,961727.5160684219,0.0,,False,offensive
2023-01-16,961727.5160684219,961727.5160684219,0.0,,False,offensive
2023-01-17,961727.5160684219,961727.5160684219,0.0,,False,offensive
2023-01-18,961727.5160684219,961727.5160684219,0.0,,False,offensive
2023-01-19,961727.5160684219,961727.5160684219,0.0,,False,offensive
2023-01-20,961727.5160684219,961727.5160684219,0.0,,False,offensive
2023-01-30,961727.5160684219,961727.5160684219,0.0,,False,offensive
2023-01-31,961727.5160684219,961727.5160684219,0.0,,False,offensive
2023-02-01,961727.5160684219,961727.5160684219,0.0,,False,offensive
2023-02-02,961727.5160684219,961727.5160684219,0.0,,False,offensive
2023-02-03,961727.5160684219,961727.5160684219,0.0,,False,offensive
2023-02-06,961727.5160684219,961727.5160684219,0.0,,False,offensive
2023-02-07,961727.5160684219,961727.5160684219,0.0,,False,offensive
2023-02-08,961727.5160684219,961727.5160684219,0.0,,False,offensive
2023-02-09,961727.5160684219,961727.5160684219,0.0,,False,offensive
2023-02-10,961727.5160684219,961727.5160684219,0.0,,False,offensive
2023-02-13,961727.5160684219,961727.5160684219,0.0,,False,offensive
2023-02-14,961727.5160684219,961727.5160684219,0.0,,False,offensive
2023-02-15,961727.5160684219,961727.5160684219,0.0,,False,offensive
2023-02-16,961727.5160684219,961727.5160684219,0.0,,False,offensive
2023-02-17,961727.5160684219,961727.5160684219,0.0,,False,offensive
2023-02-20,961727.5160684219,961727.5160684219,0.0,,False,offensive
2023-02-21,961727.5160684219,961727.5160684219,0.0,,False,offensive
2023-02-22,961727.5160684219,961727.5160684219,0.0,,False,offensive
2023-02-23,961727.5160684219,961727.5160684219,0.0,,False,offensive
2023-02-24,961727.5160684219,961727.5160684219,0.0,,False,offensive
2023-02-27,961727.5160684219,961727.5160684219,0.0,,False,offensive
2023-02-28,961727.5160684219,961727.5160684219,0.0,,False,offensive
2023-03-01,961727.5160684219,961727.5160684219,0.0,,False,offensive
2023-03-02,961727.5160684219,961727.5160684219,0.0,,False,offensive
2023-03-03,961227.5986025394,0.0,1.0,159869;515230,False,offensive
2023-03-06,953648.2657512613,0.0,1.0,159869;515230,False,offensive
2023-03-07,927859.372822179,0.0,1.0,159869;515230,False,offensive
2023-03-08,941517.0751370526,0.0,1.0,159869;515230,False,offensive
2023-03-09,941531.9783196253,0.0,1.0,159869;515230,False,offensive
2023-03-10,929911.7539650532,0.0,1.0,159869;515230,False,offensive
2023-03-13,962292.1116434494,0.0,1.0,159869;515230,False,offensive
2023-03-14,952685.9459622788,0.0,1.0,159869;515230,False,offensive
2023-03-15,942057.8477618347,0.0,1.0,159869;515230,False,offensive
2023-03-16,942547.5237606533,0.0,1.0,159869;515230,False,offensive
2023-03-17,991089.3184261429,0.0,1.0,159869;515230,False,offensive
2023-03-20,1002637.1558939329,0.0,1.0,159869;515230,False,offensive
2023-03-21,1025871.2175248316,0.0,1.0,159869;515230,False,offensive
2023-03-22,1047078.4463258379,0.0,1.0,159869;515230,False,offensive
2023-03-23,1069356.5752459993,0.0,1.0,159869;515230,False,offensive
2023-03-24,1125447.8963976216,0.0,1.0,159869;515230,False,offensive
2023-03-27,1143165.6514505255,0.0,1.0,159869;515230,False,offensive
2023-03-28,1118407.2071450436,0.0,1.0,159869;515230,False,offensive
2023-03-29,1113363.5443572127,0.0,1.0,159869;515230,False,offensive
2023-03-30,1104247.054674861,0.0,1.0,159869;515230,False,offensive
2023-03-31,1180072.31857887,0.0,1.0,159869;515230,False,offensive
2023-04-03,1262963.820048439,0.0,1.0,159869;515230,False,offensive
2023-04-04,1265480.32887715,0.0,1.0,159869;515230,False,offensive
2023-04-06,1231686.3745335457,0.0,1.0,159869;512980,False,offensive
2023-04-07,1289039.1247839574,0.0,1.0,159869;512980,False,offensive
2023-04-10,1207558.7088582772,0.0,1.0,159869;512980,False,offensive
2023-04-11,1269863.9177953517,0.0,1.0,159869;512980,False,offensive
2023-04-12,1353251.0500001796,0.0,1.0,159869;512980,False,offensive
2023-04-13,1322433.6707183248,0.0,1.0,159869;512980,False,offensive
2023-04-14,1294748.4692016877,0.0,1.0,159869;512980,False,offensive
2023-04-17,1244842.31828893,0.0,1.0,159869;512980,False,offensive
2023-04-18,1253673.036052165,0.0,1.0,159869;512980,False,offensive
2023-04-19,1257262.9851526725,0.0,1.0,159869;512980,False,offensive
2023-04-20,1331531.0896181997,0.0,1.0,159869;512980,False,offensive
2023-04-21,1276650.8711793534,0.0,1.0,159869;512980,False,offensive
2023-04-24,1338072.9507049876,0.0,1.0,159869;512980,False,offensive
2023-04-25,1380608.1332180814,0.0,1.0,159869;512980,False,offensive
2023-04-26,1371799.024294272,0.0,1.0,159869;512980,False,offensive
2023-04-27,1292928.188280243,0.0,1.0,159869;512980,False,offensive
2023-04-28,1417369.1447951675,0.0,1.0,159869;512980,False,offensive
2023-05-04,1511973.0912170936,0.0,1.0,159869;512980,False,offensive
2023-05-05,1452436.1191311814,0.0,1.0,159869;512980,False,offensive
2023-05-08,1443371.113490445,0.0,1.0,159869;512980,False,offensive
2023-05-09,1391749.3164971895,0.0,1.0,159869;512980,False,offensive
2023-05-10,1364958.0488117056,0.0,1.0,159869;512980,False,offensive
2023-05-11,1390736.5340491948,0.0,1.0,159869;512980,False,offensive
2023-05-12,1371821.9160408713,0.0,1.0,513100;513500,True,defensive
2023-05-15,1370370.4932817046,0.0,1.0,513100;513500,True,defensive
2023-05-16,1372041.1241307613,0.0,1.0,513100;513500,True,defensive
2023-05-17,1377914.9022773406,0.0,1.0,513100;513500,True,defensive
2023-05-18,1397917.63218557,0.0,1.0,513100;513500,True,defensive
2023-05-19,1424519.8516199624,0.0,1.0,513100;513500,True,defensive
2023-05-22,1417126.5636043027,0.0,1.0,513100;513500,True,defensive
2023-05-23,1425971.274379129,0.0,1.0,513100;513500,True,defensive
2023-05-24,1408501.0609193663,0.0,1.0,513100;513500,True,defensive
2023-05-25,1419605.9397030054,0.0,1.0,513100;513500,True,defensive
2023-05-26,1421276.5705520618,0.0,1.0,513100;513500,True,defensive
2023-05-29,1461584.2723284736,0.0,1.0,513100;513500,True,defensive
2023-05-30,1466800.4262053831,0.0,1.0,513100;513500,True,defensive
2023-05-31,1458326.0445004234,0.0,1.0,513100;513500,True,defensive
2023-06-01,1458613.3397002267,0.0,1.0,513100;513500,True,defensive
2023-06-02,1472099.613952356,0.0,1.0,513100;513500,True,defensive
2023-06-05,1488897.2563822996,0.0,1.0,513100;513500,True,defensive
2023-06-06,1487090.451313416,0.0,1.0,513100;513500,True,defensive
2023-06-07,1492813.108480019,0.0,1.0,513100;513500,True,defensive
2023-06-08,1473301.9351013338,0.0,1.0,513100;513500,True,defensive
2023-06-09,1489691.0548717962,0.0,1.0,513100;513500,True,defensive
2023-06-12,1504477.6309031155,0.0,1.0,513100;513500,True,defensive
2023-06-13,1532463.185986761,0.0,1.0,513100;513500,True,defensive
2023-06-14,1535721.413814811,0.0,1.0,513100;513500,True,defensive
2023-06-15,1537323.9575539539,0.0,1.0,513100;513500,True,defensive
2023-06-16,1549933.3994465237,0.0,1.0,513100;513500,True,defensive
2023-06-19,1547030.5539281906,0.0,1.0,513100;513500,True,defensive
2023-06-20,1547824.3524176872,0.0,1.0,513100;513500,True,defensive
2023-06-21,1551452.9093156038,0.0,1.0,513100;513500,True,defensive
2023-06-26,1542388.9904508875,0.0,1.0,513100;513500,True,defensive
2023-06-27,1527451.2934395915,0.0,1.0,513100;513500,True,defensive
2023-06-28,1545208.8020991576,0.0,1.0,513100;513500,True,defensive
2023-06-29,1555285.7275432604,0.0,1.0,513100;513500,True,defensive
2023-06-30,1559556.961950697,0.0,1.0,513100;513500,True,defensive
2023-07-03,1582243.3292873697,0.0,1.0,513100;513500,True,defensive
2023-07-04,1574850.0412717098,0.0,1.0,513100;513500,True,defensive
2023-07-05,1572892.1152228499,0.0,1.0,513100;513500,True,defensive
2023-07-06,1572098.316733353,0.0,1.0,513100;513500,True,defensive
2023-07-07,1563404.7269385033,0.0,1.0,513100;513500,True,defensive
2023-07-10,1550356.868866154,0.0,1.0,513100;513500,True,defensive
2023-07-11,1558256.660171507,0.0,1.0,513100;513500,True,defensive
2023-07-12,1562527.8945789437,0.0,1.0,513100;513500,True,defensive
2023-07-13,1579204.3095492097,0.0,1.0,513100;513500,True,defensive
2023-07-14,1583490.4907167954,0.0,1.0,513100;513500,True,defensive
2023-07-17,1591896.7853118419,0.0,1.0,513100;513500,True,defensive
2023-07-18,1602699.4221355282,0.0,1.0,513100;513500,True,defensive
2023-07-19,1630095.4400594174,0.0,1.0,513100;513500,True,defensive
2023-07-20,1612912.5217994582,0.0,1.0,513100;513500,True,defensive
2023-07-21,1596591.4891389091,0.0,1.0,513100;513500,True,defensive
2023-07-24,1602026.8511057089,0.0,1.0,513100;513500,True,defensive
2023-07-25,1597604.4957182957,0.0,1.0,513100;513500,True,defensive
2023-07-26,1601301.1397261256,0.0,1.0,513100;513500,True,defensive
2023-07-27,1610584.2666807317,0.0,1.0,513100;513500,True,defensive
2023-07-28,1599932.750837022,0.0,1.0,513100;513500,True,defensive
2023-07-31,1613350.9379792379,0.0,1.0,513100;513500,True,defensive
2023-08-01,1621318.8163945044,0.0,1.0,513100;513500,True,defensive
2023-08-02,1603629.394844852,0.0,1.0,513100;513500,True,defensive
2023-08-03,1582749.8325770628,0.0,1.0,513100;513500,True,defensive
2023-08-04,1591526.4562419755,0.0,1.0,513100;513500,True,defensive
2023-08-07,1580217.3161285962,0.0,1.0,513100;513500,True,defensive
2023-08-08,1587240.2750743895,0.0,1.0,513100;513500,True,defensive
2023-08-09,1586514.5636948063,0.0,1.0,513100;513500,True,defensive
2023-08-10,1575205.4235814265,0.0,1.0,513100;513500,True,defensive
2023-08-11,1576437.6382507035,0.0,1.0,513100;513500,True,defensive
2023-08-14,1572877.1684627002,0.0,1.0,513100;513500,True,defensive
2023-08-15,1596221.1600690428,0.0,1.0,513100;513500,True,defensive
2023-08-16,1578902.0675892564,0.0,1.0,513100;513500,True,defensive
2023-08-17,1568537.8469453503,0.0,1.0,513100;513500,True,defensive
2023-08-18,1544180.8487596214,0.0,1.0,513100;513500,True,defensive
2023-08-21,1549397.0026365311,0.0,1.0,513100;513500,True,defensive
2023-08-22,1565498.8272071902,0.0,1.0,513100;513500,True,defensive
2023-08-23,1566005.3304968835,0.0,1.0,513100;513500,True,defensive
2023-08-24,1598919.7442576354,0.0,1.0,513100;513500,True,defensive
2023-08-25,1552012.5529550607,0.0,1.0,513100;513500,True,defensive
2023-08-28,1569263.5583249335,0.0,1.0,513100;513500,True,defensive
2023-08-29,1578176.3562096732,0.0,1.0,513100;513500,True,defensive
2023-08-30,1606229.998403232,0.0,1.0,513100;513500,True,defensive
2023-08-31,1613910.581618695,0.0,1.0,513100;513500,True,defensive
2023-09-01,1608626.340631872,0.0,1.0,513100;513500,True,defensive
2023-09-04,1612322.9846397014,0.0,1.0,513100;513500,True,defensive
2023-09-05,1612103.7765498117,0.0,1.0,513100;513500,True,defensive
2023-09-06,1613555.1993089784,0.0,1.0,513100;513500,True,defensive
2023-09-07,1600439.2541267155,0.0,1.0,513100;513500,True,defensive
2023-09-08,1610077.7633910384,0.0,1.0,513100;513500,True,defensive
2023-09-11,1600945.7574164087,0.0,1.0,513100;513500,True,defensive
2023-09-12,1608558.2535219584,0.0,1.0,513100;513500,True,defensive
2023-09-13,1593552.469400749,0.0,1.0,513100;513500,True,defensive
2023-09-14,1602903.6834652685,0.0,1.0,513100;513500,True,defensive
2023-09-15,1612829.487929395,0.0,1.0,513100;513500,True,defensive
2023-09-18,1591156.1271721092,0.0,1.0,513100;513500,True,defensive
2023-09-19,1589923.9125028327,0.0,1.0,513100;513500,True,defensive
2023-09-20,1589636.6173030294,0.0,1.0,513100;513500,True,defensive
2023-09-21,1566292.625696687,0.0,1.0,513100;513500,True,defensive
2023-09-22,1548686.2380170976,0.0,1.0,513100;513500,True,defensive
2023-09-25,1548618.150907184,0.0,1.0,513100;513500,True,defensive
2023-09-26,1538541.2254630812,0.0,1.0,513100;513500,True,defensive
2023-09-27,1531586.3536272012,0.0,1.0,513100;513500,True,defensive
2023-09-28,1528834.6290888446,0.0,1.0,513100;513500,True,defensive
2023-10-09,1539939.5078724837,0.0,1.0,513100;513500,True,defensive
2023-10-10,1560955.2443600995,0.0,1.0,513100;513500,True,defensive
2023-10-11,1570593.753624423,0.0,1.0,513100;513500,True,defensive
2023-10-12,1583422.403606882,0.0,1.0,513100;513500,True,defensive
2023-10-13,1572483.5925633693,0.0,1.0,513100;513500,True,defensive
2023-10-16,1563994.2640982596,0.0,1.0,513100;513500,True,defensive
2023-10-17,1575371.4913215525,0.0,1.0,513100;513500,True,defensive
2023-10-18,1570729.9278442496,0.0,1.0,513100;513500,True,defensive
2023-10-19,1550439.902736217,0.0,1.0,513100;513500,True,defensive
2023-10-20,1531162.884207571,0.0,1.0,513100;513500,True,defensive
2023-10-23,1521017.8716535545,0.0,1.0,513100;513500,True,defensive
2023-10-24,1525084.8447312508,0.0,1.0,513100;513500,True,defensive
2023-10-25,1522688.502502611,0.0,1.0,513100;513500,True,defensive
2023-10-26,1487090.451313416,0.0,1.0,513100;513500,True,defensive
2023-10-27,1489993.296831749,0.0,1.0,513100;513500,True,defensive
2023-10-30,1488405.6998527555,0.0,1.0,513100;513500,True,defensive
2023-10-31,1489706.0016319458,0.0,1.0,513100;513500,True,defensive
2023-11-01,1508189.221671095,0.0,1.0,513100;513500,True,defensive
2023-11-02,1532765.427946714,0.0,1.0,513100;513500,True,defensive
2023-11-03,1550220.6946463268,0.0,1.0,513100;513500,True,defensive
2023-11-06,1562981.257518873,0.0,1.0,513100;513500,True,defensive
2023-11-07,1561242.539559903,0.0,1.0,513100;513500,True,defensive
2023-11-08,1571032.1698042026,0.0,1.0,513100;513500,True,defensive
2023-11-09,1580164.175778832,0.0,1.0,513100;513500,True,defensive
2023-11-10,1566103.3111270962,0.0,1.0,513100;513500,True,defensive
2023-11-13,1593650.4500309615,0.0,1.0,513100;513500,True,defensive
2023-11-14,1599085.8119977613,0.0,1.0,513100;513500,True,defensive
2023-11-15,1624236.608672987,0.0,1.0,513100;513500,True,defensive
2023-11-16,1621621.0583544574,0.0,1.0,513100;513500,True,defensive
2023-11-17,1622565.9778239306,0.0,1.0,513100;513500,True,defensive
2023-11-20,1602850.5431155046,0.0,1.0,513100;513500,True,defensive
2023-11-21,1615323.8107882473,0.0,1.0,513100;513500,True,defensive
2023-11-22,1608505.1131721945,0.0,1.0,513100;513500,True,defensive
2023-11-23,1615391.8978981606,0.0,1.0,513100;513500,True,defensive
2023-11-24,1617130.6158571308,0.0,1.0,513100;513500,True,defensive
2023-11-27,1612269.844289938,0.0,1.0,513100;513500,True,defensive
2023-11-28,1614953.481718381,0.0,1.0,513100;513500,True,defensive
2023-11-29,1613433.971849301,0.0,1.0,513100;513500,True,defensive
2023-11-30,1612201.7571800242,0.0,1.0,513100;513500,True,defensive
2023-12-01,1612625.2265996546,0.0,1.0,513100;513500,True,defensive
2023-12-04,1618128.6756763677,0.0,1.0,513100;513500,True,defensive
2023-12-05,1602109.884975772,0.0,1.0,513100;513500,True,defensive
2023-12-06,1619799.3065254244,0.0,1.0,513100;513500,True,defensive
2023-12-07,1603780.5158248283,0.0,1.0,513100;513500,True,defensive
2023-12-08,1622195.648754064,0.0,1.0,513100;513500,True,defensive
2023-12-11,1634366.674466854,0.0,1.0,513100;513500,True,defensive
2023-12-12,1648578.6600985664,0.0,1.0,513100;513500,True,defensive
2023-12-13,1662571.4376403892,0.0,1.0,513100;513500,True,defensive
2023-12-14,1680616.2414997586,0.0,1.0,513100;513500,True,defensive
2023-12-15,1669087.8932964893,0.0,1.0,513100;513500,True,defensive
2023-12-18,1679164.8187405919,0.0,1.0,513100;513500,True,defensive
2023-12-19,1688296.8247152218,0.0,1.0,513100;513500,True,defensive
2023-12-20,1697428.8306898512,0.0,1.0,513100;513500,True,defensive
2023-12-21,1675180.8795329588,0.0,1.0,513100;513500,True,defensive
2023-12-22,1684093.6774176983,0.0,1.0,513100;513500,True,defensive
2023-12-25,1686338.8986663618,0.0,1.0,513100;513500,True,defensive
2023-12-26,1694677.1061514947,0.0,1.0,513100;513500,True,defensive
2023-12-27,1699099.461538908,0.0,1.0,513100;513500,True,defensive
2023-12-28,1695402.8175310781,0.0,1.0,513100;513500,True,defensive
2023-12-29,1692212.6768129414,0.0,1.0,513100;513500,True,defensive
2024-01-02,1692061.5558329648,0.0,1.0,513100;513500,True,defensive
2024-01-03,1672195.0001445627,0.0,1.0,513100;513500,True,defensive
2024-01-04,1664801.7121289028,0.0,1.0,513100;513500,True,defensive
2024-01-05,1654724.7866848,0.0,1.0,513100;513500,True,defensive
2024-01-08,1657914.9274029369,0.0,1.0,513100;513500,True,defensive
2024-01-09,1693361.8576121551,0.0,1.0,513100;513500,True,defensive
2024-01-10,1692855.3543224619,0.0,1.0,513100;513500,True,defensive
2024-01-11,1709599.8564026412,0.0,1.0,513100;513500,True,defensive
2024-01-12,1703151.4878564547,0.0,1.0,513100;513500,True,defensive
2024-01-15,1713009.2052106676,0.0,1.0,513100;513500,True,defensive
2024-01-16,1700248.6423381215,0.0,1.0,513100;513500,True,defensive
2024-01-17,1695977.4079306847,0.0,1.0,513100;513500,True,defensive
2024-01-18,1698661.0453591282,0.0,1.0,513100;513500,True,defensive
2024-01-19,1724907.8824838032,0.0,1.0,513100;513500,True,defensive
2024-01-22,1765654.0004399947,0.0,1.0,513100;513500,True,defensive
2024-01-23,1761148.6111825185,0.0,1.0,513100;513500,True,defensive
2024-01-24,1775345.6500540818,0.0,1.0,513100;513500,True,defensive
2024-01-25,1766213.644079452,0.0,1.0,513100;513500,True,defensive
2024-01-26,1752878.490807299,0.0,1.0,513100;513500,True,defensive
2024-01-29,1764406.8390105686,0.0,1.0,513100;513500,True,defensive
2024-01-30,1789051.132396101,0.0,1.0,513100;513500,True,defensive
2024-01-31,1765185.6907399157,0.0,1.0,513100;513500,True,defensive
2024-02-01,1749386.1081292098,0.0,1.0,513100;513500,True,defensive
2024-02-02,1786065.2530077049,0.0,1.0,513100;513500,True,defensive
2024-02-05,1793904.0757917985,0.0,1.0,513100;513500,True,defensive
2024-02-06,1795295.4772092644,0.0,1.0,513100;513500,True,defensive
2024-02-07,1790122.8062699023,0.0,1.0,513100;513500,True,defensive
2024-02-08,1833586.868969672,0.0,1.0,513100;513500,True,defensive
2024-02-19,1824482.6472546295,0.0,1.0,513100;513500,True,defensive
2024-02-20,1819915.5082717298,0.0,1.0,513100;513500,True,defensive
2024-02-21,1800678.5419039242,0.0,1.0,513100;513500,True,defensive
2024-02-22,1828686.9077577842,0.0,1.0,513100;513500,True,defensive
2024-02-23,1853746.0596622177,0.0,1.0,513100;513500,True,defensive
2024-02-26,1838879.764912061,0.0,1.0,513100;513500,True,defensive
2024-02-27,1840664.1010600287,0.0,1.0,513100;513500,True,defensive
2024-02-28,1854395.5742594842,0.0,1.0,513100;513500,True,defensive
2024-02-29,1842312.0823442591,0.0,1.0,513100;513500,True,defensive
2024-03-01,1861685.4035758018,0.0,1.0,513100;513500,True,defensive
2024-03-04,1881088.7810581017,0.0,1.0,513100;513500,True,defensive
2024-03-05,1871485.325999577,0.0,1.0,513100;513500,True,defensive
2024-03-06,1863772.505702001,0.0,1.0,513100;513500,True,defensive
2024-03-07,1854864.7513522096,0.0,1.0,513100;513500,True,defensive
2024-03-08,1882873.1172060694,0.0,1.0,513100;513500,True,defensive
2024-03-11,1865783.3654659763,0.0,1.0,513100;513500,True,defensive
2024-03-12,1866086.1314442074,0.0,1.0,513100;513500,True,defensive
2024-03-13,1869005.2891428766,0.0,1.0,513100;513500,False,offensive
2024-03-14,1865360.3744847178,0.0,1.0,513100;513500,False,offensive
2024-03-15,1855031.1624667034,0.0,1.0,513100;513500,False,offensive
2024-03-18,1858206.900032137,0.0,1.0,513100;513500,False,offensive
2024-03-19,1849631.9679113338,0.0,1.0,513100;513500,False,offensive
2024-03-20,1861579.1049628216,0.0,1.0,513100;513500,False,offensive
2024-03-21,1896634.6466562818,0.0,1.0,513100;513500,True,defensive
2024-03-22,1903152.5329016428,0.0,1.0,513100;513500,True,defensive
2024-03-25,1894018.2549358439,0.0,1.0,513100;513500,True,defensive
2024-03-26,1902593.1870566471,0.0,1.0,513100;513500,True,defensive
2024-03-27,1909640.3628962473,0.0,1.0,513100;513500,True,defensive
2024-03-28,1920256.2110317827,0.0,1.0,513100;513500,True,defensive
2024-03-29,1912513.3344834498,0.0,1.0,513100;513500,True,defensive
2024-04-01,1913678.212284908,0.0,1.0,513100;513500,True,defensive
2024-04-02,1907190.3822903035,0.0,1.0,513100;513500,False,offensive
2024-04-03,1876974.6893072175,0.0,1.0,513100;513500,False,offensive
2024-04-08,1878925.436569679,0.0,1.0,513100;513500,False,offensive
2024-04-09,1883492.5755525785,0.0,1.0,513100;513500,False,offensive
2024-04-10,1885383.2103135267,0.0,1.0,513100;513500,False,offensive
2024-04-11,1865390.4307354745,0.0,1.0,513100;513500,False,offensive
2024-04-12,1886714.499229479,0.0,1.0,513100;513500,True,defensive
2024-04-15,1868309.5884341435,0.0,1.0,513100;513500,True,defensive
2024-04-16,1821034.1999617214,0.0,1.0,513100;513500,True,defensive
2024-04-17,1816633.4720933158,0.0,1.0,513100;513500,True,defensive
2024-04-18,1812429.211590161,0.0,1.0,513100;513500,True,defensive
2024-04-19,1783921.6123928193,0.0,1.0,513100;513500,True,defensive
2024-04-22,1782061.0338826277,0.0,1.0,513100;513500,True,defensive
2024-04-23,1790499.6111396938,0.0,1.0,513100;513500,True,defensive
2024-04-24,1831483.6369827627,0.0,1.0,513100;513500,True,defensive
2024-04-25,1802583.103054919,0.0,1.0,513100;513500,True,defensive
2024-04-26,1821593.5458067171,0.0,1.0,513100;513500,True,defensive
2024-04-29,1831393.4682304924,0.0,1.0,513100;513500,False,offensive
2024-04-30,1834206.3273161808,0.0,1.0,513100;513500,False,offensive
2024-05-06,1836822.7190366187,0.0,1.0,513100;513500,False,offensive
2024-05-07,1855394.0409464482,0.0,1.0,513100;513500,False,offensive
2024-05-08,1860490.4695235868,0.0,1.0,513100;513500,False,offensive
2024-05-09,1855756.9194261935,0.0,1.0,513100;513500,False,offensive
2024-05-10,1871212.6162721026,0.0,1.0,513100;513500,False,offensive
2024-05-13,1878925.436569679,0.0,1.0,513100;513500,False,offensive
2024-05-14,1878925.436569679,0.0,1.0,513100;513500,False,offensive
2024-05-15,1895243.2452388157,0.0,1.0,513100;513500,False,offensive
2024-05-16,1923947.3118014087,0.0,1.0,513100;513500,False,offensive
2024-05-17,1918684.472109776,0.0,1.0,513100;513500,False,offensive
2024-05-20,1914782.9775848526,0.0,1.0,513100;513500,False,offensive
2024-05-21,1920182.1721402225,0.0,1.0,513100;513500,False,offensive
2024-05-22,1928424.2820320376,0.0,1.0,513100;513500,False,offensive
2024-05-23,1939419.138508028,0.0,1.0,513100;513500,False,offensive
2024-05-24,1907010.0447857627,0.0,1.0,513100;513500,False,offensive
2024-05-27,1926609.8896333133,0.0,1.0,513100;513500,False,offensive
2024-05-28,1932901.2522626668,0.0,1.0,513100;513500,False,offensive
2024-05-29,1923963.4416621185,0.0,1.0,513100;513500,False,offensive
2024-05-30,1901354.2703636284,0.0,1.0,513100;513500,False,offensive
2024-05-31,1897709.3557054694,0.0,1.0,513100;513500,False,offensive
2024-06-03,1916703.6685965573,0.0,1.0,513100;513500,False,offensive
2024-06-04,1915508.7345443424,0.0,1.0,513100;513500,False,offensive
2024-06-05,1927925.0486885556,0.0,1.0,513100;513500,False,offensive
2024-06-06,1960470.497274558,0.0,1.0,513100;513500,False,offensive
2024-06-07,1965929.8043314414,0.0,1.0,513100;513500,False,offensive
2024-06-11,1970330.532199847,0.0,1.0,513100;513500,False,offensive
2024-06-12,1980962.5101960925,0.0,1.0,513100;513500,True,defensive
2024-06-13,2009440.0531426778,0.0,1.0,513100;513500,True,defensive
2024-06-14,2005568.6148685112,0.0,1.0,513100;513500,True,defensive
2024-06-17,2004449.9231785196,0.0,1.0,513100;513500,True,defensive
2024-06-18,2022431.8429925968,0.0,1.0,513100;513500,True,defensive
2024-06-19,2024881.8235985404,0.0,1.0,513100;513500,False,offensive
2024-06-20,2040836.753787932,0.0,1.0,513100;513500,False,offensive
2024-06-21,2021826.3110361341,0.0,1.0,513100;513500,False,offensive
2024-06-24,2015534.9484067804,0.0,1.0,513100;513500,False,offensive
2024-06-25,2003511.568993069,0.0,1.0,513100;513500,False,offensive
2024-06-26,2036057.0175790717,0.0,1.0,513100;513500,False,offensive
2024-06-27,2043300.6607839228,0.0,1.0,513100;513500,True,defensive
2024-06-28,2069388.3356260778,0.0,1.0,513100;513500,True,defensive
2024-07-01,2065879.775831656,0.0,1.0,513100;513500,True,defensive
2024-07-02,2068692.6349173447,0.0,1.0,513100;513500,True,defensive
2024-07-03,2102296.662691825,0.0,1.0,513100;513500,True,defensive
2024-07-04,2096913.5979971653,0.0,1.0,513100;513500,True,defensive
2024-07-05,2118600.5449709147,0.0,1.0,513100;513500,True,defensive
2024-07-08,2137777.398837207,0.0,1.0,513100;513500,True,defensive
2024-07-09,2147320.741394218,0.0,1.0,513100;513500,True,defensive
2024-07-10,2127584.5416829297,0.0,1.0,513100;513500,True,defensive
2024-07-11,2142510.9489346007,0.0,1.0,513100;513500,True,defensive
2024-07-12,2082803.116457255,0.0,1.0,513100;513500,True,defensive
2024-07-15,2141965.5294796517,0.0,1.0,513100;513500,True,defensive
2024-07-16,2141995.5857304083,0.0,1.0,513100;513500,True,defensive
2024-07-17,2145488.01566412,0.0,1.0,513100;513500,True,defensive
2024-07-18,2112942.5670781177,0.0,1.0,513100;513500,True,defensive
2024-07-19,2070839.8495450574,0.0,1.0,513100;513500,True,defensive
2024-07-22,2053100.583207698,0.0,1.0,513100;513500,True,defensive
2024-07-23,2077131.212174411,0.0,1.0,513100;513500,True,defensive
2024-07-24,2049016.5477075705,0.0,1.0,513100;513500,True,defensive
2024-07-25,1990323.3117778993,0.0,1.0,513100;513500,True,defensive
2024-07-26,2000183.3467031883,0.0,1.0,513100;513500,True,defensive
2024-07-29,2043480.9982884636,0.0,1.0,513100;513500,True,defensive
2024-07-30,2026361.1902976134,0.0,1.0,513100;513500,True,defensive
2024-07-31,2025212.4423568654,0.0,1.0,513100;513500,True,defensive
2024-08-01,2061569.216715521,0.0,1.0,513100;513500,True,defensive
2024-08-02,1983199.8935760753,0.0,1.0,513100;513500,True,defensive
2024-08-05,1840148.7378558363,0.0,1.0,513100;513500,True,defensive
2024-08-06,1881511.7720393604,0.0,1.0,513100;513500,True,defensive
2024-08-07,1886608.2006164987,0.0,1.0,513100;513500,True,defensive
2024-08-08,1866342.711310972,0.0,1.0,513100;513500,True,defensive
2024-08-09,1910442.3622179606,0.0,1.0,513100;513500,True,defensive
2024-08-12,1934110.1127049287,0.0,1.0,513100;513500,True,defensive
2024-08-13,1958140.7416716414,0.0,1.0,513100;513500,True,defensive
2024-08-14,2000319.7015669253,0.0,1.0,513100;513500,True,defensive
2024-08-15,2020342.5373957343,0.0,1.0,513100;513500,True,defensive
2024-08-16,2067331.2897506356,0.0,1.0,513100;513500,True,defensive
2024-08-19,2031080.8140049605,0.0,1.0,513100;513500,True,defensive
2024-08-20,2061871.9826937523,0.0,1.0,513100;513500,True,defensive
2024-08-21,2063096.9729967243,0.0,1.0,513100;513500,True,defensive
2024-08-22,2066605.5327911458,0.0,1.0,513100;513500,True,defensive
2024-08-23,2053160.6957092115,0.0,1.0,513100;513500,True,defensive
2024-08-26,2062657.8521547555,0.0,1.0,513100;513500,True,defensive
2024-08-27,2050135.239397562,0.0,1.0,513100;513500,True,defensive
2024-08-28,2060191.7416881016,0.0,1.0,513100;513500,True,defensive
2024-08-29,2023668.556214952,0.0,1.0,513100;513500,True,defensive
2024-08-30,2032742.7216792377,0.0,1.0,513100;513500,True,defensive
2024-09-02,2052206.211663051,0.0,1.0,513100;513500,True,defensive
2024-09-03,2053068.3234862778,0.0,1.0,513100;513500,True,defensive
2024-09-04,1959076.892386429,0.0,1.0,513100;513500,True,defensive
2024-09-05,1967152.5911637503,0.0,1.0,513100;513500,True,defensive
2024-09-06,1970208.1037261565,0.0,1.0,513100;513500,True,defensive
2024-09-09,1957232.4437369476,0.0,1.0,513100;513500,True,defensive
2024-09-10,1954722.3506294903,0.0,1.0,513100;513500,True,defensive
2024-09-11,1963100.8153850427,0.0,1.0,513100;513500,True,defensive
2024-09-12,2010648.9135849397,0.0,1.0,513100;513500,True,defensive
2024-09-13,2025681.6194495908,0.0,1.0,513100;513500,True,defensive
2024-09-18,2016970.3324650498,0.0,1.0,513100;513500,True,defensive
2024-09-19,2041863.07325499,0.0,1.0,513100;513500,True,defensive
2024-09-20,2046596.6233523835,0.0,1.0,513100;513500,True,defensive
2024-09-23,2052887.9859817373,0.0,1.0,513100;513500,True,defensive
2024-09-24,2039912.3259925283,0.0,1.0,513100;513500,True,defensive
2024-09-25,2024320.2742828815,0.0,1.0,513100;513500,True,defensive
2024-09-26,2036343.653696593,0.0,1.0,513100;513500,True,defensive
2024-09-27,2023180.356473139,0.0,1.0,512800;513050,False,offensive
2024-09-30,2122880.208829081,0.0,1.0,512800;513050,False,offensive
2024-10-08,2155680.907024429,0.0,1.0,512800;513050,False,offensive
2024-10-09,2034816.010616579,0.0,1.0,512800;513050,False,offensive
2024-10-10,1913606.4573511803,0.0,1.0,513090;588200,False,offensive
2024-10-11,1827197.7242389452,0.0,1.0,513090;588200,False,offensive
2024-10-14,1850656.6058915285,0.0,1.0,513090;588200,False,offensive
2024-10-15,1781557.1869438617,0.0,1.0,513090;588200,False,offensive
2024-10-16,1774951.8911777854,0.0,1.0,513090;588200,False,offensive
2024-10-17,1780816.6115909312,0.0,1.0,513090;588200,False,offensive
2024-10-18,2008929.2040335967,0.0,1.0,513090;588200,False,offensive
2024-10-21,1991077.1698456537,0.0,1.0,513090;588200,False,offensive
2024-10-22,1978595.1501426413,0.0,1.0,513090;588200,False,offensive
2024-10-23,1973093.2321046735,0.0,1.0,513090;588200,False,offensive
2024-10-24,1963921.345585987,0.0,1.0,513090;588200,False,offensive
2024-10-25,1972289.672054009,0.0,1.0,513090;588200,False,offensive
2024-10-28,1976661.2382375044,0.0,1.0,513090;588200,False,offensive
2024-10-29,1965360.551562909,0.0,1.0,513090;588200,False,offensive
2024-10-30,1937596.0555033488,0.0,1.0,513090;588200,False,offensive
2024-10-31,1973249.1427052906,0.0,1.0,513090;588200,False,offensive
2024-11-01,1935155.4341462066,0.0,1.0,513090;588200,False,offensive
2024-11-04,1996249.3290010295,0.0,1.0,513090;588200,False,offensive
2024-11-05,2101559.5257765874,0.0,1.0,513090;588200,False,offensive
2024-11-06,2109448.116918969,0.0,1.0,513090;588200,False,offensive
2024-11-07,2232232.574904718,0.0,1.0,513090;588200,False,offensive
2024-11-08,2193584.142798469,0.0,1.0,513090;588200,False,offensive
2024-11-11,2250063.569123865,0.0,1.0,513090;588200,False,offensive
2024-11-12,2178187.700570242,0.0,1.0,513090;588200,False,offensive
2024-11-13,2188139.1400920134,0.0,1.0,513090;588200,False,offensive
2024-11-14,2127977.741762108,0.0,1.0,513090;588200,False,offensive
2024-11-15,2039533.1343968473,0.0,1.0,513090;588200,False,offensive
2024-11-18,2025818.800491474,0.0,1.0,513090;588200,False,offensive
2024-11-19,2077171.1146778706,0.0,1.0,513090;588200,False,offensive
2024-11-20,2083125.793915115,0.0,1.0,513090;588200,False,offensive
2024-11-21,2095140.0818162765,0.0,1.0,513090;588200,False,offensive
2024-11-22,1990297.616842569,0.0,1.0,513090;588200,False,offensive
2024-11-25,1974793.2781088855,0.0,1.0,513090;588200,False,offensive
2024-11-26,1964323.125611319,0.0,1.0,513090;588200,False,offensive
2024-11-27,2024562.4792415332,0.0,1.0,513090;588200,False,offensive
2024-11-28,2019840.1142066498,0.0,1.0,513090;588200,False,offensive
2024-11-29,2073228.3026460719,0.0,1.0,513090;588200,False,offensive
2024-12-02,2093661.8981892,0.0,1.0,513090;588200,False,offensive
2024-12-03,2085383.5305452761,0.0,1.0,513090;588200,False,offensive
2024-12-04,2075030.3109981723,0.0,1.0,513090;588200,False,offensive
2024-12-05,2081893.479712754,0.0,1.0,513090;588200,False,offensive
2024-12-06,2118428.0822656685,0.0,1.0,513090;588200,False,offensive
2024-12-09,2089716.119078617,0.0,1.0,513090;588200,False,offensive
2024-12-10,2128040.726459842,0.0,1.0,513090;588200,False,offensive
2024-12-11,2115858.524434274,0.0,1.0,513090;588200,False,offensive
2024-12-12,2140651.6826371076,0.0,1.0,513090;588200,False,offensive
2024-12-13,2079635.7430825927,0.0,1.0,513090;588200,False,offensive
2024-12-16,2033110.7233577522,0.0,1.0,513090;588200,False,offensive
2024-12-17,2022406.7049592603,0.0,1.0,513090;588200,False,offensive
2024-12-18,2052222.0458744206,0.0,1.0,513090;588200,False,offensive
2024-12-19,2069504.3859126247,0.0,1.0,513090;588200,False,offensive
2024-12-20,2105340.3578415476,0.0,1.0,513090;588200,False,offensive
2024-12-23,2078613.2877335772,0.0,1.0,513090;588200,False,offensive
2024-12-24,2113513.7960587987,0.0,1.0,513090;588200,False,offensive
2024-12-25,2116407.1786152176,0.0,1.0,513090;588200,False,offensive
2024-12-26,2139761.1308411285,0.0,1.0,513090;588200,False,offensive
2024-12-27,2120688.785974614,0.0,1.0,513090;588200,False,offensive
2024-12-30,2115135.886762702,0.0,1.0,513090;588200,False,offensive
2024-12-31,2044504.3359352301,0.0,1.0,513090;588200,False,offensive
2025-01-02,1965375.5221654833,0.0,1.0,513090;588200,False,offensive
2025-01-03,1934043.0199730922,0.0,1.0,513090;588200,False,offensive
2025-01-06,1930358.0808897992,0.0,1.0,513090;588200,False,offensive
2025-01-07,1979479.6325723988,0.0,1.0,513090;588200,False,offensive
2025-01-08,1963327.6443886675,0.0,1.0,513090;588200,False,offensive
2025-01-09,1961822.4866352268,0.0,1.0,513090;588200,False,offensive
2025-01-10,1940675.2898655327,0.0,1.0,513090;588200,False,offensive
2025-01-13,1934447.767077209,0.0,1.0,513090;588200,False,offensive
2025-01-14,2014652.9844487,0.0,1.0,513090;588200,False,offensive
2025-01-15,2005843.9003051908,0.0,1.0,513090;588200,False,offensive
2025-01-16,1977545.7206672616,0.0,1.0,513090;588200,False,offensive
2025-01-17,2004506.6566761574,0.0,1.0,513090;588200,False,offensive
2025-01-20,2011693.6501157628,0.0,1.0,513090;588200,False,offensive
2025-01-21,2036318.894194189,0.0,1.0,513090;588200,False,offensive
2025-01-22,2020802.5519367154,0.0,1.0,513090;588200,False,offensive
2025-01-23,2017999.128204395,0.0,1.0,513090;588200,False,offensive
2025-01-24,2048189.2750185234,0.0,1.0,513090;588200,False,offensive
2025-01-27,2009175.073458312,0.0,1.0,513090;588200,False,offensive
2025-02-05,2031452.6220824788,0.0,1.0,513090;588200,False,offensive
2025-02-06,2081533.6444163602,0.0,1.0,513090;588200,False,offensive
2025-02-07,2113513.7960587987,0.0,1.0,513090;588200,False,offensive
2025-02-10,2133260.764501725,0.0,1.0,513090;588200,False,offensive
2025-02-11,2106884.4932451425,0.0,1.0,513090;588200,False,offensive
2025-02-12,2154201.069496858,0.0,1.0,513090;588200,False,offensive
2025-02-13,2118637.9411190143,0.0,1.0,513090;588200,False,offensive
2025-02-14,2112332.463030382,0.0,1.0,513090;588200,False,offensive
2025-02-17,2148387.330257656,0.0,1.0,513090;588200,False,offensive
2025-02-18,2106545.6979175443,0.0,1.0,513090;588200,False,offensive
2025-02-19,2164800.1584686767,0.0,1.0,513090;588200,False,offensive
2025-02-20,2149049.9503102778,0.0,1.0,513090;588200,False,offensive
2025-02-21,2251157.9104069676,0.0,1.0,513090;588200,False,offensive
2025-02-24,2269840.4787719394,0.0,1.0,513090;588200,False,offensive
2025-02-25,2242453.7556901313,0.0,1.0,513090;588200,False,offensive
2025-02-26,2346594.622961063,0.0,1.0,513090;588200,False,offensive
2025-02-27,2344013.061605878,0.0,1.0,513090;588200,False,offensive
2025-02-28,2218242.295160827,0.0,1.0,513090;588200,False,offensive
2025-03-03,2196081.6794871236,0.0,1.0,513090;588200,False,offensive
2025-03-04,2237521.5318019027,0.0,1.0,513090;588200,False,offensive
2025-03-05,2266472.51098456,0.0,1.0,513090;588200,False,offensive
2025-03-06,2339325.4676530343,0.0,1.0,513090;588200,False,offensive
2025-03-07,2295477.867847983,0.0,1.0,513090;588200,False,offensive
2025-03-10,2290482.434310482,0.0,1.0,513090;588200,False,offensive
2025-03-11,2273006.154353864,0.0,1.0,513090;588200,False,offensive
2025-03-12,2279575.8522397056,0.0,1.0,513090;588200,False,offensive
2025-03-13,2237549.4727902077,0.0,1.0,513090;588200,False,offensive
2025-03-14,2303930.5250911815,0.0,1.0,513090;588200,False,offensive
2025-03-17,2295657.9800353944,0.0,1.0,513090;588200,False,offensive
2025-03-18,2313031.361655674,0.0,1.0,513090;588200,False,offensive
2025-03-19,2298060.535892442,0.0,1.0,513090;588200,False,offensive
2025-03-20,2268062.2501821714,0.0,1.0,513090;588200,False,offensive
2025-03-21,2210488.8142859447,0.0,1.0,513090;588200,False,offensive
2025-03-24,2215052.0748108234,0.0,1.0,513090;588200,False,offensive
2025-03-25,2180552.2675774773,0.0,1.0,513090;588200,False,offensive
2025-03-26,2182625.548758241,0.0,1.0,513090;588200,False,offensive
2025-03-27,2205390.4824121054,0.0,1.0,513090;588200,False,offensive
2025-03-28,2169316.4108304176,0.0,1.0,513090;588200,False,offensive
2025-03-31,2145126.3753170837,0.0,1.0,513090;588200,False,offensive
2025-04-01,2148773.9208461884,0.0,1.0,513090;588200,False,offensive
2025-04-02,2154535.9068905925,0.0,1.0,513090;588200,False,offensive
2025-04-03,2136416.5524306777,0.0,1.0,513090;588200,False,offensive
2025-04-07,1924555.9631327,0.0,1.0,513090;588200,False,offensive
2025-04-08,1881335.9629816748,0.0,1.0,513090;588200,False,offensive
2025-04-09,1946832.089590137,0.0,1.0,513090;588200,False,offensive
2025-04-10,1990098.353893695,0.0,1.0,513090;588200,False,offensive
2025-04-11,2063326.849390986,0.0,1.0,513090;588200,False,offensive
2025-04-14,2080947.1870184778,0.0,1.0,513090;588200,False,offensive
2025-04-15,2068589.818602967,0.0,1.0,513090;588200,False,offensive
2025-04-16,2059885.1005345583,0.0,1.0,513090;588200,False,offensive
2025-04-17,2072283.6282846048,0.0,1.0,513090;588200,False,offensive
2025-04-18,2063409.1680600566,0.0,1.0,513090;588200,False,offensive
2025-04-21,2076533.0889824703,0.0,1.0,513090;588200,False,offensive
2025-04-22,2073710.3299639707,2073710.3299639707,0.0,,True,defensive
2025-04-23,2073710.3299639707,2073710.3299639707,0.0,,True,defensive
2025-04-24,2073710.3299639707,2073710.3299639707,0.0,,True,defensive
2025-04-25,2073710.3299639707,2073710.3299639707,0.0,,True,defensive
2025-04-28,2073710.3299639707,2073710.3299639707,0.0,,True,defensive
2025-04-29,2082082.1982929737,0.0,1.0,513120;588200,False,offensive
2025-04-30,2095998.6243035044,0.0,1.0,513120;588200,False,offensive
2025-05-06,2109915.050314035,0.0,1.0,513120;588200,False,offensive
2025-05-07,2069628.6401159642,0.0,1.0,513120;588200,False,offensive
2025-05-08,2066913.1381812037,0.0,1.0,513130;588200,False,offensive
2025-05-09,2023048.9487743499,0.0,1.0,513130;588200,False,offensive
2025-05-12,2047154.5872404827,2047154.5872404827,0.0,,True,defensive
2025-05-13,2047154.5872404827,2047154.5872404827,0.0,,True,defensive
2025-05-14,2047154.5872404827,2047154.5872404827,0.0,,True,defensive
2025-05-15,2047154.5872404827,2047154.5872404827,0.0,,True,defensive
2025-05-16,2047154.5872404827,2047154.5872404827,0.0,,True,defensive
2025-05-19,2056979.1711107804,0.0,1.0,513120;513130,False,offensive
2025-05-20,2121851.648086562,0.0,1.0,513120;513130,False,offensive
2025-05-21,2144822.6795802237,0.0,1.0,513120;513130,False,offensive
2025-05-22,2116344.79452857,0.0,1.0,513120;513130,False,offensive
2025-05-23,2116988.3898916743,0.0,1.0,513120;513130,False,offensive
2025-05-26,2076378.9741986447,0.0,1.0,513120;513130,False,offensive
2025-05-27,2113262.3114737007,0.0,1.0,513120;513130,False,offensive
2025-05-28,2120292.9513939186,0.0,1.0,513100,True,defensive
2025-05-29,2148689.731992944,0.0,1.0,513100,True,defensive
2025-05-30,2104066.219623047,0.0,1.0,513100,True,defensive
2025-06-03,2112179.585508483,0.0,1.0,513100,True,defensive
2025-06-04,2129758.544926927,0.0,1.0,513100,True,defensive
2025-06-05,2124349.6343366364,0.0,1.0,513100,True,defensive
2025-06-06,2118940.723746346,0.0,1.0,513100,True,defensive
2025-06-09,2124349.6343366364,0.0,1.0,513100,True,defensive
2025-06-10,2157615.4576442903,0.0,1.0,513090;513120,False,offensive
2025-06-11,2188591.7229488045,0.0,1.0,513090;513120,False,offensive
2025-06-12,2245043.1526456596,0.0,1.0,513090;513120,False,offensive
2025-06-13,2189944.0452153725,0.0,1.0,513090;513120,False,offensive
2025-06-16,2210823.529839309,0.0,1.0,513090;513120,False,offensive
2025-06-17,2163042.9534094217,0.0,1.0,513090;513120,False,offensive
2025-06-18,2150843.3226710656,0.0,1.0,513100,True,defensive
2025-06-19,2138497.9209465506,0.0,1.0,513100,True,defensive
2025-06-20,2142613.054854722,0.0,1.0,513100,True,defensive
2025-06-23,2138497.9209465506,0.0,1.0,513100,True,defensive
2025-06-24,2187879.5278446106,0.0,1.0,513100,True,defensive
2025-06-25,2261804.0092187887,0.0,1.0,513090;513120,False,offensive
2025-06-26,2202239.8388379496,0.0,1.0,513090;513120,False,offensive
2025-06-27,2189155.493064233,0.0,1.0,513090;513120,False,offensive
2025-06-30,2212844.2383367456,0.0,1.0,513090;513120,False,offensive
2025-07-01,2238064.484936688,0.0,1.0,513090;513120,False,offensive
2025-07-02,2202216.757469955,0.0,1.0,513090;513120,False,offensive
2025-07-03,2267379.2720637606,0.0,1.0,513090;513120,False,offensive
2025-07-04,2285779.6664076718,0.0,1.0,513090;513120,False,offensive
2025-07-07,2277391.3826354197,0.0,1.0,513090;513120,False,offensive
2025-07-08,2317375.1970916726,0.0,1.0,513090;513120,False,offensive
2025-07-09,2323274.3020418063,0.0,1.0,513090;513120,False,offensive
2025-07-10,2371054.1113431742,0.0,1.0,513090;513120,False,offensive
2025-07-11,2444095.7137068743,0.0,1.0,513090;513120,False,offensive
2025-07-14,2458720.793355218,0.0,1.0,513090;513120,False,offensive
2025-07-15,2474877.374330992,0.0,1.0,513090;513120,False,offensive
2025-07-16,2496687.694802919,0.0,1.0,513090;513120,False,offensive
2025-07-17,2573981.4939493514,0.0,1.0,513090;513120,False,offensive
2025-07-18,2602380.150044125,0.0,1.0,513090;513120,False,offensive
2025-07-21,2633018.0032334374,0.0,1.0,513090;513120,False,offensive
2025-07-22,2621155.1655027857,0.0,1.0,513090;513120,False,offensive
2025-07-23,2659570.5484428178,0.0,1.0,513090;513120,False,offensive
2025-07-24,2725103.067877773,0.0,1.0,513090;513120,False,offensive
2025-07-25,2719167.0327388486,0.0,1.0,513090;513120,False,offensive
2025-07-28,2789307.90497689,0.0,1.0,513090;513120,False,offensive
2025-07-29,2858181.106435878,0.0,1.0,513090;513120,False,offensive
2025-07-30,2774905.109414533,0.0,1.0,513090;513120,False,offensive
2025-07-31,2734930.5275054774,0.0,1.0,513090;513120,False,offensive
2025-08-01,2686572.2780977692,0.0,1.0,513090;513120,False,offensive
2025-08-04,2698754.341659984,0.0,1.0,513090;513120,False,offensive
2025-08-05,2765795.281054375,0.0,1.0,513090;513120,False,offensive
2025-08-06,2775451.2356056804,0.0,1.0,513090;513120,False,offensive
2025-08-07,2742763.4525393834,0.0,1.0,513090;513120,False,offensive
2025-08-08,2710015.657916301,0.0,1.0,513090;513120,False,offensive
2025-08-11,2727805.2982386798,0.0,1.0,513090;513120,False,offensive
2025-08-12,2740001.2106216913,0.0,1.0,513090;513120,False,offensive
2025-08-13,2824184.1061281376,0.0,1.0,513090;513120,False,offensive
2025-08-14,2837916.1361121777,0.0,1.0,513090;513120,False,offensive
2025-08-15,2945588.574173145,0.0,1.0,513090;513120,False,offensive
2025-08-18,3011380.307882878,0.0,1.0,513090;513120,False,offensive
2025-08-19,2931851.927915506,0.0,1.0,513090;513120,False,offensive
2025-08-20,2902236.3800512664,0.0,1.0,513090;513120,False,offensive
2025-08-21,2903453.2718207324,0.0,1.0,513090;513120,False,offensive
2025-08-22,2945870.8698159168,0.0,1.0,513090;513120,False,offensive
2025-08-25,2964590.489991391,0.0,1.0,513090;513120,False,offensive
2025-08-26,2911244.6503922483,0.0,1.0,513090;513120,False,offensive
2025-08-27,2798001.5657599084,0.0,1.0,513090;513120,False,offensive
2025-08-28,2787438.712723502,0.0,1.0,513090;513120,False,offensive
2025-08-29,2843519.096598743,0.0,1.0,513090;513120,False,offensive
2025-09-01,2879607.573245858,0.0,1.0,513090;513120,False,offensive
2025-09-02,2851500.4453410534,0.0,1.0,513090;513120,False,offensive
2025-09-03,2914912.0154126026,0.0,1.0,513120;515880,False,offensive
2025-09-04,2722755.5504343063,0.0,1.0,513120;515880,False,offensive
2025-09-05,2888618.29874443,0.0,1.0,513120;515880,False,offensive
2025-09-08,2821047.1351348343,0.0,1.0,513120;515880,False,offensive
2025-09-09,2787624.824494563,0.0,1.0,513120;515880,False,offensive
2025-09-10,2829227.8022928303,0.0,1.0,513120;515880,False,offensive
2025-09-11,2933717.6409749184,0.0,1.0,513120;515880,False,offensive
2025-09-12,2896015.813111849,0.0,1.0,513120;515880,False,offensive
2025-09-15,2874928.6617316315,0.0,1.0,513120;515880,False,offensive
2025-09-16,2871549.774358614,0.0,1.0,513120;515880,False,offensive
2025-09-17,2867243.8389204387,0.0,1.0,513120;515880,False,offensive
2025-09-18,2897113.174666965,0.0,1.0,513120;515880,False,offensive
2025-09-19,2890177.538369435,0.0,1.0,513120;515880,False,offensive
2025-09-22,2939313.895642778,0.0,1.0,513120;515880,False,offensive
2025-09-23,2930138.247865796,0.0,1.0,513120;515880,False,offensive
2025-09-24,2917254.407828184,0.0,1.0,513120;515880,False,offensive
2025-09-25,2959076.761516397,0.0,1.0,513120;515880,False,offensive
2025-09-26,2889606.213407267,0.0,1.0,513120;515880,False,offensive
2025-09-29,2920606.8769858237,0.0,1.0,513120;515880,False,offensive
2025-09-30,2929434.349721352,0.0,1.0,513120;515880,False,offensive
2025-10-09,2924182.496064178,0.0,1.0,513120;515880,False,offensive
2025-10-10,2854503.894157407,0.0,1.0,513120;515880,False,offensive
2025-10-13,2866710.915159653,0.0,1.0,515880;588200,False,offensive
2025-10-14,2701713.4262215514,0.0,1.0,515880;588200,False,offensive
2025-10-15,2755984.7764366963,0.0,1.0,515880;588200,False,offensive
2025-10-16,2753781.4610784035,0.0,1.0,515880;588200,False,offensive
2025-10-17,2655932.3303521946,0.0,1.0,515880;588200,False,offensive
2025-10-20,2707997.30719895,0.0,1.0,515880;588200,False,offensive
2025-10-21,2845084.863941759,0.0,1.0,515880;588200,False,offensive
2025-10-22,2832760.213789633,0.0,1.0,515880;588200,False,offensive
2025-10-23,2795267.543599696,0.0,1.0,515880;588200,False,offensive
2025-10-24,2951872.6345150964,0.0,1.0,515880;588200,False,offensive
2025-10-27,3054838.241322483,0.0,1.0,515880;588200,False,offensive
2025-10-28,3039764.0339876353,0.0,1.0,515880;588200,False,offensive
2025-10-29,3077265.8782078624,0.0,1.0,515880;588200,False,offensive
2025-10-30,2992221.8922411334,0.0,1.0,515880;588200,False,offensive
2025-10-31,2848463.2292215144,0.0,1.0,515880;588200,False,offensive
2025-11-03,2840676.7042201245,0.0,1.0,515880;588200,False,offensive
2025-11-04,2812701.0248077577,0.0,1.0,515880;588200,False,offensive
2025-11-05,2792095.9568305244,0.0,1.0,159819;515880,False,offensive
2025-11-06,2872309.2546839714,0.0,1.0,159819;515880,False,offensive
2025-11-07,2826594.46206915,0.0,1.0,159819;515880,False,offensive
2025-11-10,2798261.2169801635,0.0,1.0,159819;515880,False,offensive
2025-11-11,2724049.112425221,0.0,1.0,159819;515880,False,offensive
2025-11-12,2742880.696794727,0.0,1.0,159819;515880,False,offensive
2025-11-13,2739623.18055075,0.0,1.0,159819;515880,False,offensive
2025-11-14,2654437.73979661,0.0,1.0,159819;515880,False,offensive
2025-11-17,2675934.11689478,0.0,1.0,159819;515880,False,offensive
2025-11-18,2678413.204136263,0.0,1.0,159819;515880,False,offensive
2025-11-19,2694487.1430335157,0.0,1.0,159819;515880,False,offensive
2025-11-20,2696515.934974774,0.0,1.0,159819;515880,False,offensive
2025-11-21,2566401.800826626,0.0,1.0,159819;515880,False,offensive
2025-11-24,2557407.681097189,0.0,1.0,159819;515880,False,offensive
2025-11-25,2631376.8344751326,0.0,1.0,159819;515880,False,offensive
2025-11-26,2753368.1306399275,0.0,1.0,159819;515880,False,offensive
2025-11-27,2750981.896142035,0.0,1.0,159819;515880,False,offensive
2025-11-28,2761376.4772436447,0.0,1.0,159819;515880,False,offensive
2025-12-01,2834267.0047522783,0.0,1.0,159819;515880,False,offensive
2025-12-02,2827651.4493024144,0.0,1.0,159819;515880,False,offensive
2025-12-03,2821603.5358852986,0.0,1.0,512400;515880,False,offensive
2025-12-04,2837878.9206523886,0.0,1.0,512400;515880,False,offensive
2025-12-05,2889019.0269489647,0.0,1.0,512400;515880,False,offensive
2025-12-08,2979214.684896007,0.0,1.0,512400;515880,False,offensive
2025-12-09,2978650.2630413016,0.0,1.0,512400;515880,False,offensive
2025-12-10,3007137.5504395766,0.0,1.0,512400;515880,False,offensive
2025-12-11,2934151.702948915,0.0,1.0,512400;515880,False,offensive
2025-12-12,2968654.4473909093,0.0,1.0,512400;515880,False,offensive
2025-12-15,2924702.8663033065,0.0,1.0,512400;515880,False,offensive
2025-12-16,2846408.073093987,0.0,1.0,512400;515880,False,offensive
2025-12-17,2976306.828075434,0.0,1.0,512400;515880,False,offensive
2025-12-18,2943136.684118971,0.0,1.0,512400;515880,False,offensive
2025-12-19,2981058.066677574,0.0,1.0,512400;515880,False,offensive
2025-12-22,3085562.3929986116,0.0,1.0,512400;515880,False,offensive
2025-12-23,3090994.6733287973,0.0,1.0,512400;515880,False,offensive
2025-12-24,3130810.3768629963,0.0,1.0,512400;515880,False,offensive
2025-12-25,3115809.9386492204,0.0,1.0,512400;515880,False,offensive
2025-12-26,3155462.0964895943,0.0,1.0,512400;515880,False,offensive
2025-12-29,3126540.4365863297,0.0,1.0,512400;515880,False,offensive
2025-12-30,3152394.7073487444,0.0,1.0,512400;515880,False,offensive
2025-12-31,3148548.411465334,0.0,1.0,512400;515880,False,offensive
2026-01-05,3224623.104320314,0.0,1.0,512400;515880,False,offensive
2026-01-06,3282115.175151086,0.0,1.0,512400;515880,False,offensive
2026-01-07,3302077.323481309,0.0,1.0,512400;515880,False,offensive
2026-01-08,3257618.9744712184,0.0,1.0,512400;515880,False,offensive
2026-01-09,3315585.628889276,0.0,1.0,512400;515880,False,offensive
2026-01-12,3384337.73381202,0.0,1.0,512400;515880,False,offensive
2026-01-13,3340164.9530983763,0.0,1.0,512400;515880,False,offensive
2026-01-14,3375493.5301034143,0.0,1.0,512400;515880,False,offensive
2026-01-15,3430258.7326573585,0.0,1.0,512400;515880,False,offensive
2026-01-16,3414834.6500503263,0.0,1.0,512400;515880,False,offensive
2026-01-19,3388273.8679628507,0.0,1.0,512400;515880,False,offensive
2026-01-20,3342246.977355906,0.0,1.0,512400;515880,False,offensive
2026-01-21,3414681.832468237,0.0,1.0,512400;515880,False,offensive
2026-01-22,3445403.961706131,0.0,1.0,512400;515880,False,offensive
2026-01-23,3476943.8967599757,0.0,1.0,512400;515880,False,offensive
2026-01-26,3556056.4957852447,0.0,1.0,512400;515880,False,offensive
2026-01-27,3576761.3531492786,0.0,1.0,512400;515880,False,offensive
2026-01-28,3708955.3052672036,0.0,1.0,512400;515880,False,offensive
2026-01-29,3726476.153617046,0.0,1.0,512400;515880,False,offensive
2026-01-30,3577906.250352877,0.0,1.0,512400;515880,False,offensive
2026-02-02,3332733.7720398926,0.0,1.0,512400;515880,False,offensive
2026-02-03,3463330.26380858,0.0,1.0,512400;515880,False,offensive
2026-02-04,3416700.842764861,0.0,1.0,512400;515880,False,offensive
2026-02-05,3291985.966850208,0.0,1.0,512400;515880,False,offensive
2026-02-06,3285710.04828256,0.0,1.0,512400;515880,False,offensive
2026-02-09,3415155.4353908845,0.0,1.0,512400;515880,False,offensive
2026-02-10,3408870.4457774623,0.0,1.0,512400;515880,False,offensive
2026-02-11,3417331.1559353583,0.0,1.0,512400;515880,False,offensive
2026-02-12,3456416.897336054,0.0,1.0,512400;515880,False,offensive
2026-02-13,3363260.2889592284,0.0,1.0,512400;515880,False,offensive
2026-02-24,3466083.8075603032,0.0,1.0,512400;515880,False,offensive
2026-02-25,3541530.896058686,0.0,1.0,512400;515880,False,offensive
2026-02-26,3573683.1925839162,0.0,1.0,512400;515880,False,offensive
2026-02-27,3610302.1075772652,0.0,1.0,512400;515880,False,offensive
2026-03-02,3707737.5886768512,0.0,1.0,512400;515880,False,offensive
2026-03-03,3549582.576758654,0.0,1.0,512400;515880,False,offensive
2026-03-04,3513993.677777322,7637.656235051341,0.9978265025679038,159516;512400,False,offensive
2026-03-05,3528244.046809405,7637.656235051341,0.9978352811954836,159516;512400,False,offensive
2026-03-06,3471092.9323201897,7637.656235051341,0.9977996393689332,159516;512400,False,offensive
2026-03-09,3406190.338326401,7637.656235051341,0.997757713023517,159516;512400,False,offensive
2026-03-10,3465178.372455609,7637.656235051341,0.997795883670589,159516;512400,False,offensive
2026-03-11,3437455.160188615,7637.656235051341,0.9977781073849318,159516;512400,False,offensive
2026-03-12,3397026.333698066,7637.656235051341,0.9977516641071378,159516;512400,False,offensive
2026-03-13,3335225.9167372496,7637.656235051341,0.997710003332391,159516;512400,False,offensive
2026-03-16,3308328.5293009873,7637.656235051341,0.9976913851912207,159516;512400,False,offensive
2026-03-17,3233616.6345664584,7637.656235051341,0.9976380452297879,159516;512400,False,offensive
2026-03-18,3258016.768204307,7637.656235051341,0.9976557345224282,159516;512400,False,offensive
2026-03-19,3120724.560081689,7637.656235051341,0.9975526016192691,159516;512400,False,offensive
2026-03-20,3090493.7972304663,7637.656235051341,0.9975286615226681,159516;512400,False,offensive
2026-03-23,2944647.248974273,7637.656235051341,0.997406257663728,159516;512400,False,offensive
2026-03-24,3021355.9984954926,7637.656235051341,0.9974721097947893,159516;512400,False,offensive
2026-03-25,3114931.9331160607,7637.656235051341,0.9975480503590295,159516;512400,False,offensive
2026-03-26,3053558.2813015757,7637.656235051341,0.9974987684755126,159516;512400,False,offensive
2026-03-27,3135012.931361518,7637.656235051341,0.9975637560666347,159516;512400,False,offensive
2026-03-30,3239767.8463828377,7637.656235051341,0.9976425297746013,159516;512400,False,offensive
2026-03-31,3154401.427723867,7637.656235051341,0.9975787304152464,159516;512400,False,offensive
2026-04-01,3215060.70671637,7637.656235051341,0.9976244130572415,159516;512400,False,offensive
2026-04-02,3130209.5664997036,7637.656235051341,0.997560017604958,159516;512400,False,offensive
2026-04-03,3126479.7021842077,0.0,1.0,512400;515880,False,offensive
2026-04-07,3145832.363655684,0.0,1.0,512400;515880,False,offensive
2026-04-08,3363480.0403842395,0.0,1.0,512400;515880,False,offensive
2026-04-09,3356573.152566162,0.0,1.0,512400;515880,False,offensive
2026-04-10,3343643.5486753453,0.0,1.0,513100,True,defensive
2026-04-13,3323311.830026684,0.0,1.0,513100,True,defensive
2026-04-14,3373216.957618853,0.0,1.0,513100,True,defensive
2026-04-15,3445302.1419186536,0.0,1.0,513100,True,defensive
2026-04-16,3524780.67845433,0.0,1.0,513100,True,defensive
2026-04-17,3582061.2321647285,0.0,1.0,512400;515880,False,offensive
2026-04-20,3613764.0156831406,0.0,1.0,512400;515880,False,offensive
2026-04-21,3609095.2683684034,0.0,1.0,512400;515880,False,offensive
2026-04-22,3711086.989776316,0.0,1.0,512400;515880,False,offensive
2026-04-23,3621831.097399978,0.0,1.0,512400;515880,False,offensive
2026-04-24,3559983.3117269697,0.0,1.0,512400;515880,False,offensive
2026-04-27,3563187.795302805,0.0,1.0,512400;515880,False,offensive
2026-04-28,3482466.572767873,0.0,1.0,512400;515880,False,offensive
2026-04-29,3562818.3215798605,0.0,1.0,512400;515880,False,offensive
2026-04-30,3536124.1188163953,0.0,1.0,512400;515880,False,offensive
2026-05-06,3643756.2196473544,0.0,1.0,512400;515880,False,offensive
2026-05-07,3735256.375844366,0.0,1.0,512400;515880,False,offensive
2026-05-08,3731096.3958620857,0.0,1.0,159516;515880,False,offensive
2026-05-11,3925938.3511308446,0.0,1.0,159516;515880,False,offensive
2026-05-12,3990195.2383407988,0.0,1.0,159516;515880,False,offensive
2026-05-13,4146123.935040475,0.0,1.0,159516;515880,False,offensive
2026-05-14,4081836.6988946944,0.0,1.0,159516;515880,False,offensive
2026-05-15,4111016.9034541836,0.0,1.0,159516;515880,False,offensive
2026-05-18,4158413.865662172,0.0,1.0,159516;515880,False,offensive
2026-05-19,4255171.601441196,0.0,1.0,159516;515880,False,offensive
2026-05-20,4378704.409846733,0.0,1.0,159516;515880,False,offensive
2026-05-21,4159569.6472244635,0.0,1.0,159516;515880,False,offensive
2026-05-22,4269320.383151011,0.0,1.0,159516;515880,False,offensive
2026-05-25,4464482.263246397,0.0,1.0,159516;515880,False,offensive
2026-05-26,4379893.062345768,0.0,1.0,159516;515880,False,offensive
2026-05-27,4283226.37337422,0.0,1.0,159516;515880,False,offensive
2026-05-28,4420422.380516361,0.0,1.0,159516;515880,False,offensive
2026-05-29,4258478.331983324,0.0,1.0,159516;515880,False,offensive
2026-06-01,4067108.7654032763,0.0,1.0,159516;515880,False,offensive
2026-06-02,4244437.032549359,0.0,1.0,159516;515880,False,offensive
2026-06-03,4413422.527764086,0.0,1.0,159516;515880,False,offensive
2026-06-04,4485933.901389129,0.0,1.0,159516;515880,False,offensive
2026-06-05,4358081.56087051,0.0,1.0,159516;515880,False,offensive
2026-06-08,4206506.367766126,0.0,1.0,159516;515880,False,offensive
2026-06-09,4504163.948437485,0.0,1.0,159516;515880,False,offensive
2026-06-10,4473860.849432716,0.0,1.0,159516;515880,False,offensive
2026-06-11,4564239.789812248,0.0,1.0,159516;515880,False,offensive
2026-06-12,4473535.436558461,0.0,1.0,159516;515880,False,offensive
2026-06-15,4724625.71222825,0.0,1.0,159516;515880,False,offensive
2026-06-16,4790835.918034028,0.0,1.0,159516;515880,False,offensive
2026-06-17,5017705.954951769,0.0,1.0,159516;515880,False,offensive
2026-06-18,5144252.547022247,0.0,1.0,159516;515880,False,offensive
2026-06-22,5285729.796076676,0.0,1.0,159516;515880,False,offensive
2026-06-23,5194700.029948632,0.0,1.0,159516;515880,False,offensive
2026-06-24,5393595.2892070245,0.0,1.0,159516;515880,False,offensive
2026-06-25,5555849.214221774,0.0,1.0,159516;515880,False,offensive
2026-06-26,5504072.27923366,0.0,1.0,159516;515880,False,offensive
2026-06-29,5742601.383635653,0.0,1.0,159516;515880,False,offensive
2026-06-30,5946236.687279014,0.0,1.0,159516;515880,False,offensive
2026-07-01,5878957.574301442,0.0,1.0,159516;515880,False,offensive
2026-07-02,5329972.876683945,0.0,1.0,159516;515880,False,offensive
2026-07-03,5195846.994594689,0.0,1.0,159516;588200,False,offensive
2026-07-06,5189118.819399029,0.0,1.0,159516;588200,False,offensive
2026-07-07,5256442.864021784,0.0,1.0,159516;588200,False,offensive
2026-07-08,5318869.551592346,0.0,1.0,159516;588200,False,offensive
2026-07-09,5829989.88455202,0.0,1.0,159516;588200,False,offensive
2026-07-10,5428641.331353221,0.0,1.0,159516;588200,False,offensive
